11778G>A_female_None_[],11778G>A_male_None_[],11778G>A_male_J_['smoking_heavy'],14484T>C_male_J_[],14484T>C_male_non_J_[],3460G>A_male_None_[]
0.04748805505594912,0.3039753125189211,1.0,0.0974676849277355,0.00031641696374425663,1.0
0.028566721968140953,0.16134517290628658,0.7040086918519148,0.6906785958504486,0.0010951016928081646,0.9028911541434617
0.022375436390984434,0.2019851048164632,1.0,0.06643587802637617,9.646135194185382e-05,1.0
0.02927861182828013,0.18181235186494665,1.0,0.7458241907150555,0.0006415780792610733,0.9533638796099839
0.02404263032328082,0.1813888444475677,0.7846368785564657,0.803108190002891,0.0009186201259407008,0.870052681064204
0.05334002137891692,0.3629462623874304,1.0,0.032095941345641664,5.699398523583016e-05,0.9822568848672109
0.02496746437952969,0.18386217997312762,0.5966934378443176,1.0,0.0021436252426814146,0.9612277730841068
0.02064920259459419,0.15457648545783712,0.5165010357589932,0.19946159689451118,0.0002769839896432803,0.9548218316240039
0.03011588846013877,0.170135744694445,0.8153085414530513,1.0,0.004168984288724963,0.6537921228874813
0.017820296435667484,0.0929170922629725,0.3530625724837384,0.5524367924505772,0.0005974220740888856,0.7694574222612877
0.0190912095504157,0.22555471841212207,1.0,0.5966229163002819,0.0015175336311882299,1.0
0.016180500460480255,0.16707853778498452,0.7077441648925954,0.495001864772076,0.0004885128480208732,1.0
0.019863748802736385,0.12103048986227895,0.5065516767628222,1.0,0.0018258279282066699,1.0
0.0420753674713594,0.2860801912518989,1.0,0.3077751169573498,0.00043740733581437046,0.6832390692209536
0.02709359897536668,0.16385999355021472,0.6157106418492653,0.27492382225918083,0.0003150342666078797,0.8321414712565619
0.053027097705511256,0.4562795440445985,1.0,1.0,0.0037333282358713014,0.9478760198740848
0.024825872494772038,0.1650791654528841,0.5901595808760197,0.740452658340353,0.001461949447595939,1.0
0.03275352929670282,0.198742261551895,0.8360477907823127,1.0,0.001982951112349112,0.4773948477158881
0.019258550355199612,0.19051436099477306,0.47632116603102875,1.0,0.0021558819753538724,1.0
0.025790747760876125,0.16792360774186654,0.8350217956380809,0.3963711217324208,0.0011136108923091462,0.9503198756808138
0.06241670412548994,0.5733196015232611,1.0,0.1384596669665574,0.00020470146800500392,1.0
0.051225512620662675,0.4360077071806614,1.0,1.0,0.004590219529771001,0.9371060367208689
0.02481206782342011,0.16156843666131016,0.9915526029309546,1.0,0.010247725854611539,0.5677000346257658
0.03228551160594416,0.2893806620187112,1.0,1.0,0.008314208834849469,0.8291748465450383
0.04012426460493619,0.37430076364919423,1.0,0.9594136264459315,0.0016639049386058572,1.0
0.037021047141720095,0.3124738423018026,1.0,1.0,0.010864685654188104,0.9944210113977134
0.037629462767201756,0.2259835454548323,1.0,0.15373014933535215,0.00020062586104792248,1.0
0.0194695317814303,0.21450082861072792,0.6406293780514448,1.0,0.0019176535278494671,1.0
0.010029611991773863,0.09581084521037908,0.539093767349177,1.0,0.012077416418762489,1.0
0.06569533927107479,0.42688605732028545,1.0,0.6875921220904938,0.0010117801725818387,0.8912022265206548
0.03727109821908443,0.3613955245336683,1.0,1.0,0.0029863930966750082,1.0
0.050148690646915815,0.33785380835439816,1.0,0.20678841756308827,0.00027307044155631304,1.0
0.08562414230035151,0.6599033525941107,1.0,0.321541917915164,0.0003668341509285172,1.0
0.020371650961055327,0.1417748799919491,0.4070361430175528,0.935232316364603,0.002332777643125892,0.9089740179120658
0.08450346536846602,0.4699771064281275,1.0,1.0,0.0015140175611694678,0.693648784044318
0.029876441208389042,0.18260079923656444,0.4624637190784489,0.6056671554002169,0.0014253684705604743,0.893151690116907
0.0705747713639154,0.43899788033532366,1.0,0.04990130739153808,0.0001376084090886683,1.0
0.050502578677500576,0.3423169397522141,1.0,0.4710556874512447,0.0004424651716147607,1.0
0.05170424135781595,0.2124806851754554,0.8686457101125787,0.9575473376567254,0.0009535195954363083,0.45677614011533685
0.010377020198170953,0.08202768764308689,0.4086921345960345,0.5494922320548277,0.0011216132298554476,1.0
0.04956742786747825,0.4834089508874656,1.0,0.21789179138881434,0.00038103175894239113,1.0
0.027881948477410094,0.13636339319575028,0.5089299012891798,0.9979961314962077,0.0005914704891044556,0.9049739691879415
0.044232650384147365,0.29029303607876733,1.0,1.0,0.004940745400223308,1.0
0.04648750808644952,0.3131589502633957,0.9244986716783811,0.065237096033281,7.402915964328545e-05,1.0
0.05762587678982372,0.48424309359861406,1.0,1.0,0.003422129154289083,1.0
0.01993865550156193,0.2065551564455361,1.0,1.0,0.008126474650071602,1.0
0.021543614718918584,0.13632225370848944,0.35301261063638034,0.22259135034017838,0.0002021142911830545,0.8894942615643071
0.03387337740377601,0.22996904578131896,1.0,0.7119361370279808,0.0005554545258483601,0.9041820019096801
0.03591297229586673,0.2633827096056661,1.0,0.8267308236352421,0.0016180598623758383,1.0
0.0340518551902096,0.18270711756297062,0.5359715033495782,1.0,0.0010491694425488784,0.7046514221587924
0.05039512547915488,0.34225411491442104,1.0,0.32172587821728715,0.0005280885630234405,0.9365366006347727
0.06647555654380678,0.4257242980311259,1.0,0.009855106856196106,2.7311325733935792e-05,1.0
0.013774673206454396,0.09733340255447478,0.35923011196488025,1.0,0.001981172111910936,0.7778872370759896
0.013961199022023614,0.10322935686185007,0.3319106762938813,1.0,0.009236457172819516,0.9621154658583978
0.05651197846795686,0.4721390394733069,1.0,0.3013935995430304,0.0003188333608817078,1.0
0.02884891216999079,0.22638523093649485,0.9090974859748294,0.7844790578915902,0.0007574412555171918,0.7663271995625894
0.026836151003046073,0.18900986507427886,0.914591280695894,0.8830191468839323,0.0008820282291920267,0.8569058192928714
0.06872159062678866,0.5272133144597301,1.0,1.0,0.005078536471582978,0.9791866662707694
0.052078581112687414,0.35481677226632824,1.0,0.3500852240527019,0.0004730014626218344,0.927808468588229
0.04315387067453528,0.40980028733452933,1.0,0.07548952920949964,0.00021742526750963322,1.0
0.03860984303064541,0.23944485278018526,1.0,1.0,0.0034998832848536277,0.770991470043701
0.0762524237088667,0.5384068319815334,1.0,0.38063565504589175,0.0008592850434249481,0.8152808465377295
0.05923607071479351,0.3736232823954323,1.0,1.0,0.0016065724824217322,1.0
0.026327938526762164,0.16559999014775773,0.6279436407174833,0.4246214176474588,0.0004922814676260299,1.0
0.04169491577441559,0.23977862027755903,1.0,1.0,0.0007392038128263064,0.584842919754072
0.02448581974127394,0.20514003509828194,1.0,1.0,0.0008612191922828303,1.0
0.0641401198681697,0.49405888613097976,1.0,1.0,0.004813386237675981,0.8293663268582069
0.045465132693771566,0.295645540568333,1.0,1.0,0.0027013784837021165,0.8524127056440592
0.04226995741208679,0.20004269179566325,0.846140834249171,0.02268795348168824,6.413062999608665e-05,0.5807193172619338
0.008370071414197077,0.06777577946098667,0.3275743333286165,0.08150385995945346,0.0001907137876864957,0.7403339653037917
0.026037344148795948,0.19538421165569708,0.8102328896906975,0.07204487621255645,6.879287730814754e-05,1.0
0.04343822079483895,0.44276096738970216,1.0,0.0326186939120133,9.905437356512965e-05,1.0
0.05048268893651739,0.38666512417112675,1.0,0.1125149053778009,0.00020513516669097323,1.0
0.033542123770975436,0.1585321394096745,0.6001543222060638,0.5683927249188251,0.0008518407763204927,0.7746276549845968
0.02086048155991177,0.21309856459951754,1.0,0.6603301128220318,0.0006436134978894766,1.0
0.024365995733089358,0.18023705259515463,0.5192935916014895,1.0,0.004366600832269301,0.909736909230281
0.05241227377441635,0.46352126377144387,1.0,1.0,0.013676382999905408,0.8682988592147739
0.012804911781119121,0.09034443127731168,0.21638646922446855,0.09219077198820565,8.466412552490272e-05,1.0
0.03500335589264786,0.2411936417762735,1.0,0.21115961400576144,0.00025726210890914214,1.0
0.01856338276839278,0.14519844329702103,0.32883979223464604,0.5030131748380626,0.0007847165974235299,1.0
0.055851015798842794,0.42697312903927215,1.0,0.3428514305900576,0.0003885862525814266,1.0
0.032911117379851966,0.25078862527620555,0.7415252733327601,1.0,0.005771436670837846,0.945120030946252
0.04034121627139779,0.31999939782775794,1.0,1.0,0.0028918983968981957,1.0
0.05583267568707269,0.3156368831799861,1.0,1.0,0.004020940206276685,0.8717991955092502
0.07126023762979425,0.5190191240835071,1.0,0.7011378164954231,0.0021856222989592444,1.0
0.01948791408560118,0.12984357413478323,0.4680910333902037,0.32891123856620913,0.0008037120690286434,1.0
0.013446900916006334,0.09206285686870885,0.4483723679524695,1.0,0.002377003568797626,0.8551997933657658
0.025277175656025042,0.17182516106504153,0.5619542642969619,1.0,0.0014439949209498,0.6869639907923063
0.04832667481597775,0.43734248416883953,1.0,1.0,0.0017112694182910056,1.0
0.053361330491607566,0.48693809202182137,1.0,1.0,0.006902254457182297,1.0
0.017061328769313152,0.16242484322058245,0.41849277431816123,0.20115882542279054,0.00027594945575303335,1.0
0.04868212906659198,0.28255208373619733,0.9617353599121524,1.0,0.0020669818243567862,1.0
0.03668643688143463,0.2997380550665947,1.0,1.0,0.002939812041479431,0.9447705657330243
0.041439029892797526,0.37726356953557655,1.0,1.0,0.0031130446044910854,0.9379598670629188
0.042786128500391304,0.24557375400590364,0.7254875337668051,1.0,0.0023082922200842026,0.8392690538353912
0.03598750254110139,0.2508602571640809,1.0,0.6730678871597948,0.0011885493081758786,1.0
0.031008710144591684,0.36095233312607355,1.0,1.0,0.01359407826494062,1.0
0.006654314960131218,0.03187029679220366,0.13267934029762038,0.0961768872161839,0.0001006061875238477,0.7382387766948343
0.018028439683927283,0.13617525286290053,0.46765552646284503,1.0,0.01007307343356233,0.9430611333870685
0.0135779345032543,0.11236800995429298,0.45303978178670995,0.9304614016769084,0.0015508276633527688,1.0
0.038673572157753446,0.21659878597033277,0.9956951264739413,0.1855014199216544,0.00039134763325802426,0.6034974689013278
0.008556525578851469,0.05518075105091238,0.2439212694485015,1.0,0.0031107419919919094,1.0
0.0564419639136918,0.4207788714890366,1.0,1.0,0.0014134674394540288,0.8948360267313294
0.024497664543284614,0.1497131326969505,0.40476118509609527,0.28281327521091193,0.00033672889491657276,0.9026077459053549
0.021145897801493792,0.1267480003711195,0.6178495215733779,1.0,0.005018280444940759,0.9625308038045154
0.030604167892528275,0.19364429814915488,0.9500611981605714,1.0,0.0018188690738393202,0.7523255852533461
0.03221284918441974,0.2304337563018142,0.6406133598012769,1.0,0.001510773858577512,0.9704133929480634
0.08633798180941102,0.4805408361056364,1.0,1.0,0.0012883149985912082,0.8459057292330965
0.025160671945806703,0.13386248867197317,0.37997323792031035,0.15471873093934488,0.00031953339411305317,0.6835692961671185
0.029317883171084927,0.2683297786709099,1.0,1.0,0.002781579747667132,0.9256727224638067
0.027279433608050165,0.24245490275911552,0.9081574773356355,1.0,0.0020516889391417946,0.9717151337230713
0.004866787256338373,0.05013677523883061,0.1918351830136779,1.0,0.0017593339035903723,1.0
0.026299108943455343,0.22989670316782954,0.8651151943312114,0.9133957648974637,0.0010238902984755565,0.98471304937914
0.02924037995923919,0.22833360156469779,1.0,0.1712767952909851,0.00019668835610304257,1.0
0.03959936162971657,0.2534330371903896,1.0,0.22879838543557598,0.0005519378477068798,0.7829545246605246
0.014003364891112133,0.08956721584580131,0.281230388077954,0.7701373334284055,0.0020554057568174457,1.0
0.012509117825031772,0.09169090121421715,0.29867607886324987,0.22548483797890412,0.0005281622203184868,0.9310649389872839
0.004742079122424767,0.029629932424808145,0.09195987048843458,0.7426983681244166,0.0016393176189456625,0.9249015042997265
0.03357344168034726,0.20603908466742368,1.0,1.0,0.003945671802069915,0.9530426064214571
0.021597288807946587,0.14041546756208992,0.8594522585996011,0.5206127863472316,0.00046577410441853764,1.0
0.050654014492074614,0.3248544763092896,1.0,1.0,0.003764186224329059,1.0
0.01988165256347584,0.17924915741178532,1.0,1.0,0.008777845391626087,0.9127651562831229
0.04207055252949583,0.38840330994123035,1.0,1.0,0.003983812713986972,1.0
0.02991142676926762,0.2305548593110777,0.8656313562335646,1.0,0.0014252653357499261,1.0
0.01679421313550441,0.1462102734783317,0.418958171362146,0.48914543135069716,0.0005184206470680847,1.0
0.03760370568031659,0.33362612459005514,1.0,0.8387392582994787,0.0007524014988163346,1.0
0.028037368387214292,0.17941281200796766,0.996543796946705,0.4258157923354501,0.0006525063547434921,0.960713754403438
0.037306009297094087,0.2597622581417238,1.0,0.9817685860943556,0.0007525726375052816,1.0
0.021582870055543546,0.14302215894572237,0.6249374977036062,1.0,0.002051998892528054,1.0
0.07325810251937327,0.5254271703013168,1.0,0.17705081783498866,0.00022012908335308754,1.0
0.02823117819050299,0.17557164296852382,0.6144133946516804,0.24478232823645016,0.0002859632056259964,0.538342413459505
0.06472231767553598,0.6730680667845418,1.0,0.09857763382698755,0.0002879487869890564,1.0
0.014411317622529307,0.09060972204943997,0.3165503341469809,0.4010556378485095,0.0016117710956048141,0.7484629693757738
0.021573570685029582,0.15039326102047818,0.6720475503627348,0.14933323252890582,0.000182117712452136,0.9573910264522345
0.05571025253638974,0.3481218475611937,1.0,1.0,0.004249016035937772,0.8454885831868575
0.019093819292195207,0.17935372787622586,0.7089709571702553,1.0,0.0029333607015275065,0.8757393717834588
0.03185052813758655,0.1776231820451164,0.7247445763931473,0.94304749028914,0.0006711839992193644,0.9335076981974457
0.06954699589777723,0.42055878346391484,1.0,1.0,0.002161326099800614,0.645298287672948
0.047892560072592884,0.3171785794173588,1.0,0.09034950262441822,6.886886849764558e-05,0.9943339420208577
0.051524003262872244,0.25552965740221095,0.8307734451856188,0.7044413077558527,0.00131673420538166,0.8111978101584395
0.03550096221497161,0.4025803726800749,1.0,0.9969381542699672,0.0025263846814145784,0.9850520387770122
0.04698878993926342,0.3553209313466285,1.0,0.3775654917581837,0.0006142618027614307,1.0
0.051400342257201345,0.30877058474280833,1.0,0.2789791306963684,0.0011121553099525468,1.0
0.1116680810555702,0.8940346184456377,1.0,1.0,0.002089636841205728,1.0
0.038001550450029425,0.2356475611049178,1.0,1.0,0.0022485309994219947,0.7747251079328892
0.04538060035732175,0.31230290301660024,0.9664060656673814,1.0,0.0023137046038893766,0.9307346093958353
0.02471703614077676,0.17584656013395855,0.4164100721163515,0.07910892590982803,0.00015925042023729027,0.984788968041717
0.02227620122762977,0.20791989015980614,0.4297289630848498,0.8117231038623915,0.001014666789299514,1.0
0.07124423074838303,0.5132021010759004,1.0,0.28498192531247685,0.0005527265366740532,1.0
0.03171890469845964,0.17230065154398255,0.5318920974982191,1.0,0.0019726775096256337,0.9708256840843144
0.04120026345246575,0.2488041640865646,1.0,0.45957951476708525,0.0008576696203483877,1.0
0.03272842337380505,0.2102123312235199,0.7955696104489076,1.0,0.0058165679232276305,0.7690148558320489
0.04203975488455203,0.2749324025413245,0.9811928029210388,0.5133845345382024,0.0012751411246229238,1.0
0.0740086200619395,0.5026850518305765,1.0,0.6239955145026941,0.0009408070850430617,1.0
0.09205334151585758,0.891927160788414,1.0,1.0,0.007869873993618109,1.0
0.024703050599564846,0.18183457019463167,0.7920006539219597,1.0,0.0010043457713642685,1.0
0.01543310835595239,0.11086825606441163,0.29567361932696123,0.31730545056545867,0.0005245517630270751,0.916757812335409
0.03011325834939784,0.20431518448099112,1.0,1.0,0.0029522741641008223,1.0
0.030800849635050916,0.15818743828634568,0.5968247744677907,1.0,0.0016770087890766938,0.6808905341655395
0.07172272742641807,0.3704376151010602,1.0,0.3372896026138292,0.000913798388115445,0.6065893571374441
0.0432865974082279,0.2400099825775593,1.0,1.0,0.0025707412923486905,0.8744064774239649
0.04635990362935157,0.30004388700903883,1.0,0.01081942597366501,1.532507803203436e-05,0.612108358422566
0.09098805280010579,0.7276184359106713,1.0,0.3723900692771712,0.0013665913240020863,0.7189761794949379
0.05981588558440988,0.6314770705446202,1.0,0.2750035696852019,0.00035769732079021137,1.0
0.02576002089386111,0.1405023161668997,0.7276449158727946,0.6280230224862722,0.003164545748065201,0.6552842750608182
0.042691890712139795,0.3253971803795802,1.0,1.0,0.003055456690285046,0.6373066849054442
0.0223590949612675,0.1250956617157534,0.4718035605989045,1.0,0.0019461876737659103,1.0
0.0281525556107435,0.22797372891278536,0.6678744683898773,0.10271443288871447,0.0002318438307800762,0.8640174880163163
0.029466344235394192,0.25203887645615836,1.0,0.5896158638365965,0.0010681710546509,1.0
0.01788682984595589,0.11991384583145547,0.4174252757837448,1.0,0.005308903207653043,0.7286190308171068
0.05277312366563795,0.49514759838311617,1.0,0.1310329915390301,0.0001269496721946303,1.0
0.032093260161772774,0.18572628177132994,0.44002702562389473,1.0,0.001362207681241362,0.7191947433979268
0.022698690111850963,0.1565088576095418,1.0,0.3602372335169839,0.0005909480820658316,0.7679706528510407
0.017658879464754328,0.11990033351866379,0.41117129602332536,1.0,0.0011997062274759667,1.0
0.013020832676597567,0.10020719248196078,0.34263632089797513,1.0,0.0006205380383392731,1.0
0.05999337050896132,0.4762922152527577,1.0,0.3054943514057433,0.00081260765148761,1.0
0.05333150806649307,0.4124520850162147,1.0,1.0,0.002069096726690161,0.7252108291457369
0.03583805198955092,0.23042317814838822,1.0,1.0,0.0025453113802348893,1.0
0.025826097603384186,0.2010179176800074,0.9169454965510073,0.12019263094022799,0.00012941862223288643,0.9595409680453398
0.017893583998377288,0.13519364738187645,0.6790463956798519,1.0,0.0008993829630651756,1.0
0.015867364948356066,0.07912792589972821,0.2724116205746491,0.5995360746261497,0.0008272906355716078,0.7484934710061254
0.024819976727983487,0.20669111177737212,1.0,1.0,0.0027203450809729066,1.0
0.03303675352934129,0.28721468688282403,1.0,1.0,0.0022811423334791418,1.0
0.07417845774309863,0.4206488238057926,1.0,1.0,0.0030167255494019836,0.7237789061845935
0.047677025540566936,0.34622947463719644,0.7866414638584955,0.34667841211745337,0.0003519710685931537,0.8981357369504914
0.03634685912323247,0.27936882801907414,1.0,1.0,0.0065980771532835655,1.0
0.03609655772417706,0.24995536192072187,0.8341632675881121,0.21272957691520072,0.00025603548113188585,1.0
0.038929390606576283,0.3535290033526103,1.0,1.0,0.0030633277844534477,1.0
0.03428210055187552,0.25326426565434185,0.8693231797323016,1.0,0.003570199397884433,0.8721520024065036
0.02780907430190952,0.12719882501606933,0.8540333844644563,0.36793978527141186,0.0005597428165357538,0.4946459864110795
0.0844305428834153,0.47750717031759127,1.0,0.17153744392329842,0.00010959474898533261,1.0
0.023723004560908485,0.20361065043764223,0.7258745377695127,1.0,0.0034591442999084153,1.0
0.06318257957535033,0.5660644178485938,1.0,1.0,0.0015847984796961612,0.8658039497042358
0.06306243679996616,0.34110828508906227,1.0,1.0,0.0018067299519998964,0.5706400858300286
0.05138991451075945,0.28539535167312174,1.0,0.6199437455451714,0.0009832266551787242,0.6740422242150721
0.02705725332532532,0.1832115073919169,1.0,0.055663826117424514,0.00018875143520223744,1.0
0.047093397756512945,0.4642506947334876,1.0,0.05942775891605479,0.00010415854852015081,1.0
0.01779486021316363,0.1870252050428041,0.5983810682784095,1.0,0.007891013349721513,1.0
0.08468879955509295,0.8665114907549545,1.0,1.0,0.0009483137104029919,1.0
0.06043379973751761,0.39146248094215336,1.0,0.1445336850447607,0.00024824679180568713,0.9916130287348919
0.043818850471399676,0.380226860746233,1.0,1.0,0.002666152657570354,1.0
0.046782739741250474,0.3210708249097893,0.7951732676045171,1.0,0.0077031685630965276,0.9652467770330322
0.033129049252996985,0.20228457341556755,0.5838617140714705,1.0,0.007110856828503614,0.8284354776917868
0.041916226698534495,0.2773414263627236,1.0,1.0,0.0037838446250095387,0.9787925506842533
0.04834664554312455,0.21604955468445627,1.0,0.12682094950342793,0.0001365681733259433,0.6268458093367087
0.03925849576098452,0.35818458720431906,1.0,1.0,0.005837302088909455,1.0
0.014470556644329047,0.11742066704497096,0.6736188651452699,0.2594686899324209,0.00031904408946345,0.917701949023581
0.021814043200318444,0.13435323471710345,0.5839916645282303,1.0,0.0033844965754097735,0.6288624424439087
0.02655174379224081,0.203494923847827,0.7284263857042448,0.14958100292137413,0.0005819779890987049,1.0
0.024912318081052143,0.1568816330589946,0.5660295287594217,0.368861152732703,0.0006489569801140605,0.9425333275137284
0.024398981071173605,0.2071390046148191,0.5452394389542767,0.052428970453036364,8.295216498134365e-05,0.8824341656966278
0.04964123974278775,0.32257046449062193,1.0,1.0,0.0025489410558545327,0.5622311018246575
0.0230586045728331,0.16852938814058055,0.6538521811348236,1.0,0.005998725462542974,0.8394215101532759
0.03905677363016134,0.3308707858230021,1.0,0.7181696797897602,0.001103852086537544,0.8544326645776765
0.01435388429808164,0.10833206668980949,0.34112521323139755,1.0,0.006311278570454489,0.8649159134200777
0.01278955334809726,0.11412050668533381,0.3121596205169459,1.0,0.005726860722274706,0.8227999956135003
0.031026980610976588,0.15939729782387987,0.8765407321391053,0.2637075707622897,0.00019211007413025692,0.9465409804579836
0.019287051738725323,0.1857153325636849,0.9276489534675317,0.8938988016690537,0.0013620934587554804,1.0
0.02160449515480181,0.1446152647007454,0.6189929073792817,0.6570047943461821,0.0007060981268585171,1.0
0.014110104809629516,0.0740339833757715,0.12525614769249913,0.62528121018743,0.0006502859124791,0.5684441270397171
0.06632094371702082,0.6974584144227823,1.0,1.0,0.0018550924365451763,1.0
0.01806760766425244,0.1481973609132935,0.37243744574623294,0.7795461809308645,0.0012638530967438442,1.0
0.04041883142916107,0.2508665515719942,1.0,0.15942855230625003,0.0002289194855010531,0.5430382782491969
0.02745919856067235,0.20329725479339933,1.0,1.0,0.001405577236120363,1.0
0.05031288962304431,0.32541800776750424,0.7610795857720134,0.4486847024488783,0.0015259784329513869,1.0
0.045682542660864404,0.45174354881189366,1.0,1.0,0.003470279200797197,1.0
0.016550732984857826,0.11250340745444765,0.7527517737472647,0.6451876149889535,0.0011259731230554167,0.9345957787405421
0.027620653795724384,0.1929091266733219,0.6640962360224553,1.0,0.005586953134695995,0.5098615324512142
0.03608810757321748,0.24314605580889687,0.7580552903829313,0.44941688313407946,0.0006509056222071397,0.9893704037645085
0.021058562018464975,0.19530015540651294,0.8358438403228718,1.0,0.002007885473480876,1.0
0.031080752846956782,0.20705273524672596,0.5885512777468096,0.6874144105671653,0.001961394482706787,0.7053531070433181
0.02691142829585408,0.22875328345087165,1.0,1.0,0.0011757048595575487,0.8519103263072638
0.10025560825006964,0.7945619220552933,1.0,0.424782512285097,0.0008566145676666817,1.0
0.05678887137680526,0.34855008358671397,1.0,1.0,0.0015197036836746768,0.8488789938543344
0.06356962806556747,0.2960903946273662,0.8829868505718398,0.07592347533262275,0.0001777242488765349,0.7087797534488373
0.08757949338448655,0.4460046013045669,1.0,1.0,0.00538531274834354,0.6709235647719141
0.049096007841131634,0.36716008581890663,1.0,1.0,0.002625977478606395,1.0
0.06245118333441831,0.5296248546469317,1.0,1.0,0.0011890586286404119,1.0
0.061857294980169605,0.390454558212056,1.0,1.0,0.0013445929136946227,0.8082494998230443
0.02478541843301108,0.14353906396797902,0.8799777399870408,1.0,0.0021281586626560717,1.0
0.06786481852132564,0.804287886302889,1.0,0.8662816986574113,0.00113756930073742,1.0
0.05091924898139461,0.26576097406580934,1.0,1.0,0.002642268573716153,0.5712187025620836
0.07737615430572391,0.702695012937221,1.0,1.0,0.0022239970701720484,1.0
0.01847727247145868,0.10431104209036036,0.21754023802911981,0.3233995590232232,0.0008727886076382546,0.9681790399949537
0.020833898279095975,0.13290401306202135,0.2997731011072792,1.0,0.003116506209041995,0.7920971035649573
0.023526154104613367,0.14207733724336868,0.6562732448300844,1.0,0.0013591182426730497,0.7943231467774996
0.015655905710028513,0.11860277072523318,0.9320385666394652,1.0,0.0013699116809592355,0.9716957861657725
0.04588880755540311,0.2850705470881444,1.0,0.4986591360906349,0.0010359088821870744,0.9841163815374533
0.027963101182034232,0.2531690971108138,1.0,1.0,0.0013387613497440136,0.8320216106080195
0.0707215229645951,0.5176795578238926,1.0,1.0,0.001455924180140153,1.0
0.05733531807246498,0.2473292219036454,1.0,0.17744808937824794,0.00024089222485733914,0.5059625679406851
0.01872840357394533,0.12158747702671385,0.4670784380282453,1.0,0.004291053406733411,1.0
0.04212907228295237,0.305715607475788,1.0,1.0,0.009282560790759738,1.0
0.006159487144799109,0.04851124745046807,0.3893548569005365,0.6060621238105965,0.0008507410520952881,1.0
0.03482067862956374,0.17614134822327576,0.803195432761072,1.0,0.006824803096228014,0.74159033569659
0.02025731761311322,0.159264652111628,0.2833318245149789,1.0,0.004544700739952259,0.8544345283956436
0.030488626863776562,0.16520937922919665,0.7729826943700254,0.5632849481220469,0.0007910659515388474,0.3709483977251323
0.04007907878486109,0.25622752150430933,0.6860689553031061,1.0,0.0015318221425960736,0.8994251101431268
0.011930339532805223,0.05133742095964282,0.25345171010541423,0.99441907430816,0.0012181272775638036,0.5529725611711082
0.048410344407583523,0.5264572031652456,1.0,1.0,0.0028536295014826322,1.0
0.04354855969408979,0.378139313001994,1.0,0.5276587278334349,0.0011764070406645865,1.0
0.06016860698323559,0.36601795595507397,1.0,0.15390063581269398,0.00025956187221625224,1.0
0.03713925570436617,0.22405304984103597,0.6363649203090743,0.6892430756432261,0.0025396655419917024,1.0
0.033366289714294534,0.25810269822073456,1.0,0.9829559987049961,0.0011194747106223547,1.0
0.0331386501014099,0.27196115347920885,1.0,1.0,0.0016694381633897924,1.0
0.026369951609962125,0.23800089691640325,0.726799890249856,1.0,0.0024949562868603896,1.0
0.03320829392389329,0.3388661350906617,0.9638999359639798,1.0,0.003426485475066507,1.0
0.06361503228935164,0.5770858171442947,1.0,0.888586582228606,0.0014254694866034966,1.0
0.026341610254395305,0.16185795780166465,0.7639352811282414,0.03141673784347552,8.82679091533489e-05,0.8057106118237103
0.02297952495117022,0.11774249948918591,0.2679989538375702,0.9647217108639177,0.0009878708121618925,0.6821799141417956
0.042283944756887834,0.3019078205801409,1.0,0.3803347464667484,0.0006272995668103408,1.0
0.016103714269420432,0.07407952511434375,0.3732196478773156,0.05796004129904928,0.00016598558423988475,0.6707587896896164
0.026140205829507566,0.16466255215836725,0.7391323858595418,0.43119013921835936,0.0005029994327460756,0.6514298431155603
0.035823791504563954,0.29092195424470424,1.0,1.0,0.005401186658499972,0.7748154290998965
0.026036141587088373,0.22233604233670645,0.8515203058818864,0.9464741992288913,0.0021844374296656165,0.762986031692294
0.019710844452418008,0.15757544634729567,0.5914039487682378,0.19917482440361234,0.00030784505479741455,1.0
0.03827255610444234,0.17409124677034965,0.5803921089729192,1.0,0.003390459585860344,0.4595536361361474
0.009951358179097933,0.06553916141378392,0.2512278659390237,0.5585062637203138,0.001383486663437324,0.7861694173282189
0.029157289239907663,0.24630498529971423,0.9101257144438969,1.0,0.003357544161695316,0.7739896878891211
0.01558477238043201,0.15286462457696048,0.9047937000435229,0.8993870463195598,0.001553497740392899,1.0
0.03951694709073379,0.353415401389201,1.0,0.16282793732627646,0.00032046409966320863,1.0
0.035227108150615236,0.26699317121579014,1.0,0.0169133190358627,1.4085182514914172e-05,1.0
0.01616014796258619,0.1553906069311714,0.3982591497253379,0.8603085364741078,0.0010138620509197354,1.0
0.0391077601999788,0.23694666185947347,0.5320451256154491,1.0,0.0012217302312124575,0.7969322838965865
0.06405444378021416,0.589669785701691,1.0,0.501385583571347,0.0013942195503202394,1.0
0.04158095657232785,0.42848048504988684,1.0,1.0,0.008897088504692065,1.0
0.03332995949229868,0.2051689342441699,1.0,1.0,0.00633768606432048,0.599799550169374
0.04713919017745944,0.30863606916074854,1.0,0.22095893605100025,0.0002444387575725451,0.8783556600040866
0.03634106980080079,0.177524210868034,0.7128426512140497,0.9259747257198422,0.001238026453705547,0.7138751247499141
0.05483677761343102,0.41863404055435055,1.0,1.0,0.0020094109994109777,1.0
0.05368757996756099,0.42244506908183366,1.0,0.5974170846263104,0.001905096741669081,1.0
0.02727395560276968,0.2693765229777921,1.0,1.0,0.002086858742522317,0.8042688071819902
0.03556675632521921,0.22384044114856785,0.7033838147537447,0.9297927265224853,0.0013255415927789257,0.8991104957088266
0.028563478547102453,0.17371219813980515,0.7804828993910183,1.0,0.0012478495232851482,0.4755788037298446
0.06334905362098266,0.4476813281754995,1.0,1.0,0.003232986590607187,0.6687698166545398
0.032645115564735094,0.1892858723743053,0.9648626066084734,1.0,0.005584644264333611,0.6545304454690661
0.058813829421577604,0.5239278936947646,1.0,0.905464752054468,0.0026766513472313205,0.9444588418976975
0.03459929169739673,0.3441475153581365,0.9153386797259205,0.3173853383074478,0.0004865585024032424,1.0
0.05460886538158104,0.30428215648486423,1.0,0.16081638857747677,0.00023543361756768312,0.9170304146786912
0.04220372674275817,0.2882823139701702,1.0,1.0,0.0023029062553403417,0.9053729985562158
0.08466050984094217,0.4300218757169398,1.0,0.33894591535795066,0.00039825132381886736,0.7231986179174933
0.016872149693655174,0.11862680461197808,0.5941306600149542,1.0,0.0015625559366972156,1.0
0.04238574531305411,0.29928909946951054,1.0,1.0,0.0015968952959664472,0.9233247010766821
0.034716541963355434,0.18130086469574982,0.6814005558668546,1.0,0.002971284657566233,0.6852195324358965
0.03215706225412161,0.2782717718355033,1.0,1.0,0.0005149058826178947,1.0
0.02546694374402314,0.09922173204404516,0.49953405421455255,0.2927629780970503,0.0006919741387751125,0.7841822382776725
0.02353616844070435,0.16983495657176395,0.6169076317271617,0.1426029389071868,0.000131134468509722,1.0
0.012106161683500498,0.08597914252984919,0.44182656622581024,1.0,0.0012612115234336603,1.0
0.07876597331951686,0.38219882251715426,1.0,0.35342783952777657,0.0012164709307794575,0.624868958540822
0.0600945090022294,0.5297946068648591,1.0,0.3589659471192025,0.0008490526188947304,1.0
0.03747368597018502,0.207657153697746,0.8870450430992041,0.16738791785757084,0.00019833281392572062,0.6559928163875113
0.009599365099565863,0.06055255638563326,0.18629326834172488,0.09061618186774587,0.0001035162428484119,0.6829568146964872
0.013465124440631535,0.09311126239048047,0.5293663418142145,0.1082361118778018,0.00017591191712601847,1.0
0.030581797964724534,0.2502831360932503,1.0,0.14846749571650625,0.0003592564521168981,1.0
0.021488864200958472,0.1082888220201707,0.378125491317197,0.6906870075764627,0.0006472036878417734,0.6407552647315858
0.060232446552086115,0.3763799038196846,1.0,1.0,0.0022621722685721604,0.6145596607277621
0.010099115874179705,0.057008681797665876,0.16407102619676917,0.05598227858825757,8.097282127842154e-05,0.4644102502571716
0.025917320154954498,0.28033956167816504,1.0,1.0,0.004544514880249368,1.0
0.02657877036044923,0.22573678617847368,1.0,1.0,0.003928736199660015,1.0
0.03174137265764271,0.17202153921075075,0.7712601365497974,1.0,0.0014491620106347265,0.8294316900822625
0.04499388555327818,0.29691346825472326,1.0,0.13091755408287573,0.0002464144214846818,0.8020380875244427
0.05338187884903756,0.45858584924704254,1.0,1.0,0.0019646193811913666,0.5734498600009027
0.04664458680085581,0.35291624552067835,0.8906728886639981,1.0,0.0030613111976182895,1.0
0.06004664564258726,0.4530213792037372,1.0,1.0,0.0020465819362584605,0.8268116210916705
0.06784262310630401,0.4053871066858273,1.0,1.0,0.0022173036207191045,1.0
0.018403768065641143,0.1522266621733957,0.6636271977568146,1.0,0.0018967219877280353,1.0
0.031520760272141624,0.17501025313562696,0.9300914916926083,0.5033731514026744,0.001072658572073533,0.7085526246183544
0.06698332521140837,0.5137963775350058,1.0,0.9230957130500227,0.0012964906997895884,0.7634536079897556
0.052521428393754344,0.29708301099977924,1.0,0.21612070817251253,0.0005564203636351983,1.0
0.0818046475694186,0.487915161714279,1.0,0.3686920656982771,0.0005533489367533714,0.6850874993437907
0.04039510975680777,0.294903525230255,1.0,1.0,0.001142602211370066,1.0
0.035417239581189995,0.2706249126593673,1.0,1.0,0.0026756313698843865,0.912218153088374
0.013040580648233891,0.08568465792582826,0.37110701375672894,0.23421632755184105,0.0004907775423536239,0.9446180646206094
0.03348246352851516,0.2811384987602929,1.0,0.34887474709736827,0.0002587404252148777,1.0
0.033235215715731514,0.3092619094962504,1.0,0.7145414070349851,0.0011462742311014193,1.0
0.05539346933709955,0.43433444834508034,1.0,0.9961727949661353,0.002554803482256042,1.0
0.03248974058824253,0.32162217301729096,1.0,0.015952534778711953,2.6854525939616146e-05,0.8184739709810487
0.05362051027413961,0.45078330051814985,1.0,0.21591872871606077,0.0006154363721606228,1.0
0.013996737900942314,0.075599695722705,0.30924320259921423,1.0,0.002212221315878702,0.6872153964499582
0.05517246645720384,0.452890222322932,1.0,0.4251499399592009,0.00025336901780202405,1.0
0.02299103189019356,0.18922308942854285,1.0,1.0,0.0008975318586935226,1.0
0.04694811037708515,0.2500908742132053,0.8882729387742156,0.6931039917597142,0.000841103929655691,0.530856975134106
0.05440964666086466,0.3413565672545396,1.0,1.0,0.0030216631519147685,0.7896747978500454
0.027241516619179288,0.3122858012950351,1.0,1.0,0.005275164769990152,1.0
0.055753129122538804,0.5446466518730462,1.0,1.0,0.0019223777067246014,1.0
0.057258869030472455,0.56113000322237,1.0,1.0,0.0027295731983644563,1.0
0.022683543171730696,0.13710500670223516,0.4996510368379838,1.0,0.003279588586351926,0.7434419068316231
0.049370897904045856,0.3994069914039432,1.0,1.0,0.0012281177085653424,1.0
0.0324597872138249,0.25094501583305256,0.5455073751616752,1.0,0.004405206754175373,1.0
0.03272895972388467,0.2575378250423066,0.9114186188787209,0.4623092299792336,0.000902591899855214,1.0
0.037896237753710545,0.28610688030428777,1.0,1.0,0.0027771088374896912,1.0
0.022886803779556472,0.1957355390033387,0.6448733078995759,0.2537367126628678,0.0006292611952588673,1.0
0.04600081747548535,0.2741792493061022,1.0,0.07738261954202875,0.0003151185471432575,0.5765585974095434
0.027072632363050297,0.22910374008541573,1.0,1.0,0.001745319891311154,1.0
0.031210709658512553,0.22870791995246684,1.0,0.32014749859022784,0.000817404535146644,0.9858365629821472
0.038055964404757676,0.33007388076609556,1.0,0.34653763216098377,0.00037442430531995713,0.9224721636710442
0.052184654904613915,0.2647658838015594,0.7956780625934733,0.536311845508695,0.0017096593752363328,0.7375249359360533
0.020477514053833,0.15360715168853392,0.471590861035475,1.0,0.0010103865607410183,1.0
0.053446387164330804,0.3174685553356832,1.0,0.7407269744225325,0.000811606957051441,1.0
0.02853144713553469,0.18503707453284035,0.9018853393495125,1.0,0.0008606633438649474,1.0
0.06653468976056222,0.43639079743182,1.0,0.11901394528545386,0.00010987703304279945,1.0
0.052151241946532034,0.3252235187624697,1.0,1.0,0.006066276085272476,0.8773359310594785
0.027534036417575215,0.2459425111765676,0.776669594718776,1.0,0.0015535862404107126,1.0
0.028646831733111857,0.19905569220099117,0.9145920081879524,1.0,0.0018231907771818802,0.5089074253086707
0.038649006641184445,0.35590903285513004,1.0,0.8351809801928614,0.0005146919605888632,0.7873725201269934
0.05500639158219271,0.3865920810175065,1.0,1.0,0.005214190189556032,0.4510562153774668
0.10612312757387278,0.9036133433197262,1.0,1.0,0.0016990801297724115,1.0
0.04831324068868694,0.39743072025891696,1.0,1.0,0.003336102158148118,0.6508414553162618
0.020661494975520098,0.114410882767562,0.5614776440089412,0.05388141281207303,7.46004767522389e-05,0.833941661802104
0.04439543000849022,0.3182687880929729,1.0,1.0,0.0071480357924441065,1.0
0.020935224395470256,0.14805951789993885,0.3307649737431972,0.2386188807136172,0.0006558472261713713,0.9428526700016803
0.08715892832069425,0.761270887110912,1.0,1.0,0.008164331737117888,0.9892961169460325
0.04393658723015179,0.3116145461361005,1.0,0.5126707559978539,0.0015498739307511652,0.716123181838355
0.055760909215000425,0.4085012227250942,1.0,0.6646733118958816,0.0005973223703323302,0.9457832847348343
0.04272674915699945,0.37537738859121694,1.0,1.0,0.005028610988816846,1.0
0.03345260137950561,0.22924759799648842,0.6948175208332863,0.10129581390480447,0.00039168038078625945,0.7615979235567188
0.03517414604889848,0.20479558243520593,0.4766742027725661,0.5939976988357931,0.0008664461274710296,0.6164935627879693
0.03556874924014238,0.22271383355422597,0.9626609357605428,0.4596173387769339,0.0008465063576866985,0.7730811015652301
0.012360440765790176,0.14308686180423744,0.7974398478221211,1.0,0.004990132924307886,1.0
0.03548999860972574,0.3605779566071614,1.0,1.0,0.006057967522341434,1.0
0.12882215216480097,0.7697366797009485,1.0,1.0,0.0027767704865491543,1.0
0.046947732053572784,0.39323672977612883,1.0,0.9748359976586204,0.0017487160861700407,1.0
0.03356168050866907,0.2528155542622757,1.0,0.3894253142105443,0.00030911078919416344,0.6309601657170847
0.026623222707777058,0.14106040495998007,0.36995040362491155,0.8896097561916115,0.0011719003186624903,0.5035836383736736
0.02452538433802228,0.12349831857901587,0.29772130936065344,1.0,0.0011485689465984981,0.8562693479526422
0.02791286852211143,0.193404382031752,0.5747796116579784,0.091431815751876,0.0002043930746202141,1.0
0.028446034231344838,0.18479680944609547,1.0,0.6529003397059182,0.0008102224070212985,1.0
0.04322522363744045,0.2633748456954585,0.8920618653532039,0.3433905521131627,0.000702547684363884,0.7974403596805343
0.028570366880592914,0.20212893136951957,0.6182790507272014,0.5830909221015377,0.0021708381796046437,0.7004638981142847
0.036079286721383844,0.25416125454617156,1.0,1.0,0.0035209346601096218,0.6941183623251628
0.03896016950668805,0.36959327312069584,1.0,1.0,0.004467802710806928,1.0
0.02651095815473025,0.1392895156681411,0.4551627474680294,1.0,0.0007543943711721068,0.6420412680803277
0.01934622778539448,0.13927517731865696,0.41469254518643783,0.2787052650150853,0.0008389851261841482,1.0
0.04856341861196751,0.31095791769920916,1.0,0.10138049189400526,0.00019076996462177482,1.0
0.021758630541924034,0.11560468012202185,0.36976967471631134,1.0,0.0012550957218907042,0.885009509482147
0.04364139720817874,0.29682144617806266,1.0,1.0,0.007930424411657611,0.7470266674901618
0.052754104448161504,0.25247258050008964,0.9629526088761505,1.0,0.00159621461551817,0.6888002159034027
0.060709341813980695,0.598812078662243,1.0,0.16384537117814857,0.0001242025452989651,1.0
0.07517039445801559,0.4715451177943166,1.0,0.4252032478700198,0.0017909178820370304,1.0
0.07654391992962827,0.6440156915636975,1.0,0.048328990890973735,9.815187080068986e-05,0.8529221566156059
0.023755039420140796,0.14726693558665135,0.935832806945047,0.9786896339734906,0.004140620995707258,0.7631859115569933
0.027880107247383983,0.17064430990312512,0.9239907835988467,0.19248671937676978,0.0003521000318681132,0.7501355766424753
0.04085396253139816,0.40795796449374017,0.9439291403019773,1.0,0.0010288993247030834,0.7985257034483715
0.08434579462471262,0.7002589670981099,1.0,1.0,0.0012018699179043664,0.7894820220500139
0.032312180279157304,0.20879982589645685,0.751993579630089,1.0,0.0027096795463532456,0.7951951628618905
0.04012784615060759,0.16496687787938444,0.47583563639588,0.8755962843235182,0.0010725320831674761,0.6561854679269791
0.042159650990225686,0.33036549077561567,1.0,0.0658330855045674,0.00012289006300515617,0.6966166837025841
0.03140936358617515,0.22752041330911496,0.7436891975595459,1.0,0.00479072885577303,1.0
0.019436578535437822,0.1482559778547264,0.5440194057676212,0.32805299911391356,0.00047521291974823024,1.0
0.05293788472204385,0.3365383892801509,0.7504388923989296,1.0,0.0018715007798625072,0.8583534194848269
0.042067884328787865,0.2831187399781355,1.0,0.08140311669769938,9.883265138353539e-05,0.6150789093477848
0.04177185331164309,0.38780480761537534,1.0,1.0,0.002008843708817268,1.0
0.0021257228466051332,0.013467694209973307,0.03763208745960359,0.8898895875798686,0.0024211569047922796,0.8026696001153429
0.028859471566976557,0.176780161059805,0.6952605280973247,0.6836804950531968,0.0012588901747236894,0.674543556696378
0.03676662336407789,0.18225909122337308,0.8280395111545237,1.0,0.0035846456523588714,0.9198870466600506
0.03400048959920687,0.3411451982126226,1.0,1.0,0.00695324469757294,1.0
0.00737139673999142,0.0678818944012484,0.4453171745848884,0.06218866162157526,6.562775530437594e-05,1.0
0.11932023063342273,0.6629455601024216,1.0,0.9984649490921429,0.0031321982674384513,0.8042332308445188
0.029646275613659106,0.18215624948081094,1.0,0.16258379180278237,5.4029314016364534e-05,0.49781424829260257
0.029553474257373605,0.24160359814734905,1.0,1.0,0.003155126785678787,0.8055757428776176
0.03827563408709962,0.2718783475429702,0.8306102631237897,0.4427899133491185,0.0005577549826751155,1.0
0.04147664424985469,0.3934764442208718,1.0,1.0,0.006540723734065196,1.0
0.025588590061733446,0.26398710837183964,0.6896415212035999,0.4918942171539018,0.0005827983848754481,1.0
0.040331988894660734,0.22572909402975977,0.554920523658083,1.0,0.0023171415756182852,1.0
0.07242837679348335,0.4398046104515357,1.0,0.9215800165254504,0.0023693669012547322,0.5755153516313043
0.016515374080597736,0.12242008565279457,0.3810180927939593,0.5168584159930233,0.0005549080010171755,0.9144188538786137
0.08532827252882881,0.4593577256869927,1.0,0.28080790737128836,0.0008954336316118471,0.8963279040968658
0.05279820646317516,0.46700526573301165,1.0,0.33054610330302436,0.0012250475655243356,1.0
0.02612346388557435,0.13346994161684805,0.450918692001021,1.0,0.0022524298351029037,0.6890537304465549
0.02856561832111062,0.20998524058911158,0.8575015042347095,1.0,0.003665445433539023,0.9688152365385598
0.054166241779810526,0.35909600066573305,1.0,1.0,0.003168060495433597,1.0
0.06444414323399758,0.46053006976776584,1.0,0.8907617133733439,0.0010734996399919012,0.6603945086671299
0.04089906224685004,0.2493084003601718,1.0,1.0,0.0009066502454412972,1.0
0.03626494894537876,0.3567392999998185,1.0,1.0,0.0034585473178609053,1.0
0.0849947585242283,0.5708402307196521,1.0,1.0,0.0036155114273741158,1.0
0.01361395767181284,0.08187386104410609,0.46254964668939885,0.1461550214419753,0.00036086654325180514,0.8995630057993278
0.03355147206562425,0.2333232165756618,0.8373879242631588,0.9311809128484939,0.0011816861235075672,0.8072621759343505
0.03762612101287084,0.19060554308672678,1.0,0.48633695880940836,0.00044059617899931653,0.5152005677165179
0.0469339925610138,0.38775860883801505,1.0,1.0,0.002459878861667228,0.619097371156973
0.05741937849570284,0.3865639952219849,1.0,1.0,0.0017175932310666564,1.0
0.0468189288158902,0.33656737041421114,1.0,1.0,0.0023942936722085905,1.0
0.018684302735324496,0.11160293883422154,0.9761527219179401,1.0,0.005251152464472011,0.826560669343589
0.04376739849109917,0.26154915568693426,1.0,0.28662115316766223,0.00031312895921277716,0.9069078707845071
0.023485782532823653,0.1741593885354837,1.0,1.0,0.002883659629343869,1.0
0.05270283631327559,0.376856397947866,1.0,1.0,0.002744740011050186,0.8276924616714453
0.00952700772867665,0.05691092768807889,0.18353589025498881,1.0,0.001768841813583868,0.9369181323212066
0.02774610990400442,0.18343772403945988,1.0,0.43275034838552046,0.0015506028944896125,0.49837920339345076
0.017639223599541808,0.18534348074255425,1.0,1.0,0.0016554463699204232,1.0
0.0401328463612462,0.21243054202466424,1.0,0.22461140137552743,0.0006107772776672768,0.5330755410477888
0.03510036114102416,0.25592667284940307,0.9633372998014972,0.360570741914566,0.0011025464354262016,0.9443595635216865
0.022078511691757237,0.1631563095754017,0.8390007009556245,0.6734736926650894,0.001429686061356212,1.0
0.02561774442269366,0.19575734019262236,1.0,0.6115275704093638,0.0012835977673796937,1.0
0.051227988126823824,0.2539424134878613,1.0,1.0,0.0020570330740890385,0.5434002117023818
0.051345482149582275,0.3754066853975063,1.0,0.18591453981520278,0.00029286818098002833,1.0
0.043547469578966026,0.25149599200428147,1.0,1.0,0.0010174053055875564,0.8143620780223046
0.04943947627286475,0.47135332645110684,1.0,0.37134511413718724,0.0007418586066374906,1.0
0.023184619284932626,0.1690515683215626,1.0,0.7181687732282691,0.0013906016169149516,1.0
0.061223492891314304,0.39160116197514355,1.0,1.0,0.0012677647079580065,0.8202389102475189
0.04828052186704632,0.3556994301424681,1.0,0.36919395619671813,0.00064672297101282,0.801245914975975
0.02731040653250078,0.18787069845646684,1.0,0.22262027156777223,0.0006975936491445683,0.9339969534422905
0.015847336683473493,0.07967285731297712,0.6828152432001167,0.2682549834214361,0.0004902462828846792,0.7120247448804883
0.053520890640433146,0.3665014290712799,1.0,1.0,0.0018300594714536818,0.5169972225140199
0.015056170665061422,0.0830888751089243,0.465106764331183,0.24881330688379627,0.0003472141918317506,0.96657263758189
0.031709418354709834,0.17433832177933298,0.5711020900643579,0.7854948752271997,0.0020526083008293836,0.6362838609857375
0.05858212111411226,0.42026918927794604,1.0,1.0,0.0019107714979950455,1.0
0.05064510162648065,0.3701384584884845,1.0,0.016881089709319754,4.698100138798272e-05,0.8442026227325051
0.014402218955644822,0.10110495797982617,0.7040246793316247,0.4377040975890674,0.001205596880280654,0.6989715748945906
0.023245627006228575,0.17676353997794225,0.4038174914653671,0.1365495415961018,0.00024265870073016422,1.0
0.020410506750116474,0.12963581405085822,0.47293051081407617,0.07275433037827898,0.00011852926480571954,1.0
0.03223454769204356,0.19103252283872676,0.7829714702992486,0.3694559143324597,0.0014209131276965543,0.38366801017952057
0.04914354589571208,0.38921355011118447,1.0,0.5642969978048035,0.001142697077910742,0.8670449112433333
0.014039717952124895,0.11013149980738968,0.5042778744103114,1.0,0.0018962883286136685,0.9024940991689459
0.015561593815851208,0.13234515163908372,0.3186729531205258,1.0,0.002308427272768776,1.0
0.04689623104333821,0.39287803861425175,1.0,0.23169326044892805,0.0004989228491291549,1.0
0.014722521085013134,0.08397555454980175,0.3137660657441727,1.0,0.001598976001634596,0.9599639960653956
0.025318255482047754,0.23562649400973995,1.0,1.0,0.006439920797008135,1.0
0.01955167531554347,0.17124093456308054,0.7094401002990429,1.0,0.0014682754915800657,1.0
0.02120423138778104,0.1539165588817538,0.8446003307302128,0.1013875781269029,0.00038419723608833364,0.9141091773940805
0.02191839181296083,0.1424952832132818,0.7500939487200362,0.32291268228647646,0.0004442793814357852,1.0
0.06818713536000444,0.48464435294638675,1.0,0.14129008180583974,0.00018780080432236954,1.0
0.013461227234287752,0.08115968868568293,0.2502165329338866,0.6636029595292828,0.0010841304356808267,1.0
0.033103969305846144,0.20587476661809664,0.5683430152765351,1.0,0.0037633772766260906,0.9182954512388921
0.07827995451515762,0.6109914499006001,1.0,0.20563775885461225,0.0002940452899101654,1.0
0.030498315262757987,0.1802529472887786,0.7632100792251093,0.27052620237282937,0.00047592334592443575,0.4100165474240175
0.040199153447342505,0.20864250113871857,0.928255906239059,0.24936348992295176,0.0004365546851966345,0.7197541338311191
0.03931590146021505,0.24325284737507336,1.0,1.0,0.00684358401734784,1.0
0.024467282269768978,0.13795325957207677,0.5973629841149443,0.09768253822608541,0.0004427954544530332,0.7068496988669952
0.03749865653402717,0.2623275540766867,1.0,0.7916388774278833,0.0018467510406476157,0.933697201896747
0.0795742999898361,0.5150154526803964,1.0,0.1627718883927744,0.00017509355348173643,1.0
0.029133907044191883,0.19148067507205474,0.46501013909939576,1.0,0.003218008321176336,0.8283106494992902
0.03255551973345756,0.28673689945569353,1.0,0.2594874369344049,0.0001597390909374153,1.0
0.05383247253152844,0.40495905020815476,1.0,1.0,0.005115336926002748,1.0
0.02097919488366922,0.14947971892980408,0.35586246810899635,1.0,0.0040959472265948696,0.9566732837192413
0.027599317059988148,0.25959918932578135,1.0,0.22778058643866214,0.0007088059582738922,1.0
0.03516968599342275,0.17374820481579695,1.0,0.027797839806642886,0.00012188417593596535,0.6185015240752387
0.030015301693044248,0.23856387055809375,0.8804271165115438,0.5960264375537941,0.0012580259364164338,1.0
0.0332165208800699,0.23237782944752197,0.9003120562359018,1.0,0.003377536170345677,0.5691096503718897
0.016611350342478255,0.10155649268021746,0.7008399854940723,0.8350036862544992,0.0016760444120284684,1.0
0.039364018649045956,0.18820938140722487,0.7105477442803064,0.7617754649669816,0.0007315826794222103,0.6010648004073343
0.05991050152180834,0.30762813681549767,1.0,0.7130467083500095,0.0004193519551497603,0.5823389491587727
0.0771677896834477,0.5053170901204153,1.0,0.7314260950458561,0.0013808019418929628,1.0
0.029973324363342133,0.19838546977427524,0.78317187504392,1.0,0.004288601029264897,0.9103544679736327
0.0372399888085929,0.24395917143235377,1.0,1.0,0.0034021116703061736,0.9083900559487161
0.02405715014488005,0.17071604406844754,0.7274547729288156,0.9665567085185205,0.001501078457613789,0.7285854568081009
0.032668435831952634,0.2842638027143424,0.7127443157914756,0.95695007364453,0.0029260479885241126,1.0
0.026690246072844263,0.19878410860627937,0.892639169906251,0.6315691076724981,0.001261819066573899,0.9459759538976444
0.08462339053425211,0.615252590317624,1.0,1.0,0.0023455192211607693,0.9678682841121995
0.02120819867932252,0.2290886245455343,1.0,1.0,0.0014235839462973332,1.0
0.06053308479589292,0.37034729360795293,1.0,1.0,0.00330293421859958,0.7879781296149435
0.037607141978478094,0.30954776590243654,1.0,1.0,0.002140368190657346,1.0
0.0683441902057049,0.4805137616916975,1.0,1.0,0.0036408034467996994,1.0
0.05121610380029103,0.33521672578903533,0.8997233990903603,1.0,0.004965553704456606,0.6643562343506487
0.04825587614861915,0.4177270130004027,1.0,1.0,0.0047240071970958185,0.4871716277440582
0.01372582235983657,0.12542210477911986,0.48160857565431375,0.9032148720264076,0.0019745950706452613,0.9294444436595496
0.06860119551836688,0.6948386570305117,1.0,0.27575705292339775,0.0006175363347204383,0.867749004184124
0.01961629629005253,0.13596282917460095,0.4213604138376165,1.0,0.0019315825004989232,0.6798543168554999
0.07662481923311143,0.5264687636992882,1.0,0.20701872758845327,0.0002420313160014985,0.6325536388230005
0.04335351852519369,0.3492789295963587,1.0,0.9998955558206872,0.0009539852933458822,1.0
0.013011268074075101,0.0664822080759678,0.24364373118155785,0.23951810797012643,0.00032734834483046603,0.7355795046126026
0.024844433180288696,0.11672964313828921,0.42981746883998706,1.0,0.0017671844910777709,0.789567281396669
0.019643778026619464,0.1770717645061496,0.38989826845412656,0.2785184064596873,0.0002245328184567712,1.0
0.024290118512375888,0.2639865427311146,1.0,1.0,0.005017079927359998,1.0
0.028233736894612935,0.2982806724742251,1.0,0.7732237099349486,0.0029104362135137724,1.0
0.01402069359380552,0.06325109183660366,0.1869019057147011,0.3892255878266749,0.001013979755974266,0.7839681198649266
0.03605685441052695,0.2732190388493696,1.0,0.5418335302838817,0.0010938929519623654,1.0
0.0232830620002124,0.1660408657548256,0.5077860071816345,0.24138006630562692,0.0001824152362490679,0.8485906530828539
0.05540101009376947,0.48297685033525567,1.0,1.0,0.0012960588770895517,1.0
0.03138820455261834,0.21331566525720547,0.9948066149993657,1.0,0.0047429893134350925,0.6987365490407529
0.025735540853814486,0.1386081365176323,0.5272881903707266,1.0,0.0019044189856802446,0.6131374974485666
0.015989885977050075,0.0618385732202709,0.3796911195518258,0.34681383739091065,0.00048532036459854555,0.4501384915872918
0.03680886997072091,0.240525644726764,0.9915627138200431,0.761237276998293,0.0015355158104861835,1.0
0.03790597148477018,0.3115341971963586,1.0,1.0,0.002892379907706602,0.954669420866629
0.028858563445108586,0.2674160123233707,0.9062456518302531,0.0968510377796053,0.0003723227395260554,1.0
0.07917770095641498,0.6428595163638512,1.0,1.0,0.005740315396833094,1.0
0.08152757579757998,0.624737652158954,1.0,1.0,0.008679087016984534,1.0
0.04554829571686339,0.22433078917287633,1.0,1.0,0.0015147598619932295,0.6871814709813233
0.04545199120813378,0.3058136043834175,0.8085262455500741,0.810868722877389,0.0010733633082093358,1.0
0.021103387622409386,0.16714951726061827,0.42962682201267605,0.5467005415603082,0.0015126573034324156,1.0
0.03824470163539324,0.319564613460359,1.0,0.445623649503039,0.00031783267857888155,1.0
0.048944704215383536,0.426886586339273,1.0,1.0,0.0042917650603650735,1.0
0.05071372314784552,0.2947418662275322,1.0,0.05649198642981142,8.968649030013835e-05,0.5621442887458392
0.02936624760763693,0.21711536806994153,1.0,0.5665830273169123,0.0009296824736899526,1.0
0.05126212757591514,0.4021544717731505,1.0,0.5842390830309037,0.003997481968770928,1.0
0.04858368814657483,0.2957956258431942,1.0,1.0,0.0022462824708365295,0.8411111379001229
0.04281886517938802,0.27300144244612073,1.0,1.0,0.0023080661244781813,0.6330433100588232
0.031677487176508604,0.18162809439207256,0.3913386775122956,0.6377631471435179,0.0008885075719662772,0.9508226997908287
0.02595956886576072,0.19242740974573147,0.5521322790496227,1.0,0.0034087185426264696,1.0
0.07228084595043525,0.41007631587109744,1.0,1.0,0.003151109775342992,0.8590643285412024
0.04125531488356838,0.2908435138534876,0.5257048633775001,1.0,0.003642491336624156,1.0
0.03249738212107934,0.19599528434605562,0.8859261059901873,0.06568153610140065,7.291096228961872e-05,0.9074575839075738
0.05846601695457315,0.3346121725323654,1.0,0.10285728336681199,0.00012026700815084832,0.5840672011078251
0.016465298801903807,0.10824999402745993,0.6659504226374141,0.09398071036948463,3.804395667196609e-05,0.9649092019628389
0.05889184685880354,0.43989790043003857,1.0,0.27838305463933594,0.0005946701963556574,1.0
0.05676859534335832,0.41090603930865394,1.0,0.8563502966666025,0.0028369219214546375,1.0
0.026786952412864398,0.1990080905322546,1.0,1.0,0.0013225034151108372,0.8674649272477203
0.056202507348493844,0.3770837621633459,1.0,0.13096460355073175,0.00037991287535771594,0.8862516154146366
0.034934188578509405,0.22202929110775668,0.7687608913318518,1.0,0.0012628786854046682,0.7191197999608667
0.04759027898781063,0.4011256180190313,1.0,0.02821521410421478,4.263448032712795e-05,0.7745111538839002
0.04125004418729517,0.32917617416851586,0.9956838881465155,0.3940039625497119,0.0007510378782494609,1.0
0.022011584389920777,0.11328444039423097,0.5140847161319655,0.614116824618405,0.000943837553781424,0.8017800804767176
0.041379218493697516,0.2382221842838689,1.0,0.7906831094199748,0.0012473817144612151,0.9553157881109939
0.041863141084026195,0.2574783860983844,1.0,0.4435111715055732,0.0017882182211904083,0.8449440995523346
0.023160914190597504,0.13543892907972144,1.0,0.16771807818068424,0.0003625348090742583,0.6835785051373456
0.042369667696585865,0.507403628427199,1.0,1.0,0.0044846273694376555,1.0
0.039751634118858306,0.25323238022531736,0.6867893613275818,1.0,0.0014547040054982586,0.9209171964415418
0.052359405245895524,0.3592538234751003,1.0,0.5150377144640127,0.00091663435355099,1.0
0.04909567518087572,0.2848837665008271,1.0,1.0,0.00213599354234512,0.8973896192035857
0.06256157259252876,0.43794318609778,1.0,0.05127842677660202,6.109788067148829e-05,0.8458457432498375
0.06334197410958033,0.4442517569312476,1.0,1.0,0.014957054642980019,0.9441274042914944
0.01623215585476568,0.10148806155444602,0.5687002488869658,0.8191434626236739,0.000766336365261833,1.0
0.0543813634590732,0.37983662927947404,1.0,0.5189040882425924,0.0014051474984280322,1.0
0.014194087610061844,0.09042275658707608,0.3594770381440829,1.0,0.004432777760967202,1.0
0.05629349111606873,0.42542185243449426,1.0,0.5955864500463329,0.0023228720331852364,1.0
0.03118428496146235,0.2802373489560603,1.0,0.0883609328887153,8.280239346419181e-05,1.0
0.034615607113000345,0.29523261346058166,1.0,0.07999248922732273,0.0003817887648784682,1.0
0.0064154190249504865,0.05358780373172755,0.2900399245458979,0.5139947301263188,0.001083083501049554,1.0
0.022773188087912413,0.14043627385586346,0.45306741088359337,0.45066203702263113,0.0010509399640244456,1.0
0.04136690830614148,0.3398794774439724,0.7794586043093966,1.0,0.0032925201835241596,1.0
0.02499937277024464,0.19484200758462006,0.71206423235972,0.29773624579265057,0.00037186971329069174,0.8628483337966087
0.03199387431669734,0.19248568741882432,0.692911603839631,1.0,0.0021767639582460727,1.0
0.03168167941376552,0.16884149639588553,0.6316280855780427,0.7258518096314013,0.0011037767307077635,0.9128589012244434
0.036137647778949934,0.26003558625477285,0.8237349930477788,1.0,0.0012592325564950507,0.8742207058559074
0.020476728958647772,0.1559141723683043,0.4720908447745312,0.7907212189512965,0.0009002993363943038,1.0
0.03893685347030319,0.2510399778857427,1.0,0.2857626799131817,0.0005781127533415021,0.9409548632493506
0.030530107517376625,0.31177322926198126,1.0,1.0,0.0011372474754436056,1.0
0.045933068563594276,0.38153659184936045,1.0,0.6334846390470732,0.0015373345263930212,1.0
0.021630660133814587,0.19090159816856792,0.8111504612460091,0.03052792950199054,5.563706573348342e-05,1.0
0.055354799178200555,0.2648327013722992,1.0,0.04472618259536038,7.672334177125696e-05,0.6239381886389073
0.07128450203030635,0.5142604506876197,1.0,1.0,0.0042137050445073924,1.0
0.029926207398807945,0.23918590826332484,0.9987771163938799,1.0,0.0037523179164766825,0.8927769279883089
0.11545648129924539,0.887208925555551,1.0,0.5020129696925881,0.0006347682044813604,1.0
0.021620321899563918,0.1319928424509625,0.35465489750640206,0.6728130495195399,0.0009043327722656977,0.7351332524819915
0.04524703557462991,0.40580832166850855,1.0,1.0,0.004274695697047545,1.0
0.012294455778319648,0.09919562570983355,0.33016538997068134,0.9366765763923977,0.0015015954595883072,1.0
0.03194302480627012,0.1752317783617437,0.665618936843389,0.670850843146645,0.0011773744208208358,0.6524988919542086
0.030893845801308304,0.23044997100180764,0.6581029812454623,0.7603588279832859,0.0003525697672739592,1.0
0.018682221843984555,0.1588712495797933,0.5619245604869865,1.0,0.0043964101427559155,1.0
0.003636491190859952,0.02580197511959517,0.06365214109278404,1.0,0.0027606721086409244,0.7482254107064217
0.02634684974831815,0.3153498407644656,1.0,1.0,0.008025812738806079,1.0
0.04806976709982574,0.4004936391998924,1.0,0.0651010973101206,0.00015711675403890795,1.0
0.02523898560735498,0.2203685255911274,0.6484648949663852,0.11905303197334852,0.0004921759043800357,0.7281295412468904
0.08027773671137414,0.8845490571008359,1.0,1.0,0.002816018281583271,0.845930046850646
0.038530005284472424,0.281219573750134,0.8175837201875163,0.11941621091469631,0.00016788087322342063,1.0
0.06560574348353884,0.6477152783810214,1.0,0.9832548864067591,0.0016696697442775132,1.0
0.05465576497039726,0.3532428561498435,1.0,1.0,0.0023896778646754686,1.0
0.02750973454734646,0.2083575810501108,0.70301633435152,1.0,0.0021823055626416627,1.0
0.02401419237360777,0.19209446855198767,0.583284128037273,1.0,0.0014056222594095993,1.0
0.035057700407073115,0.23920706532643984,1.0,1.0,0.0008518002255937918,0.4890813358121716
0.04532801846949604,0.3790596794111441,1.0,1.0,0.0038330882730216783,0.9177774814975463
0.03257743397742259,0.14433702388659034,0.5445505543641118,0.21046593346159825,9.996145450827573e-05,0.6968960750112829
0.018191129276510152,0.12416539300120823,0.2850442881824331,0.8044548506098717,0.0004805986256742298,1.0
0.03610762134298961,0.266932875157525,1.0,0.2599842010764716,0.0006314359733126325,1.0
0.028300343386985418,0.23512132444038872,0.6987496836554089,0.6847053181190936,0.00206073534529592,1.0
0.040755068473326855,0.3835164540308981,1.0,0.5523695882728371,0.0016362828201878733,0.9262239775550721
0.033891895880041566,0.23894331278954528,1.0,1.0,0.0016518665213155535,1.0
0.020629380889141475,0.1701163345018171,1.0,1.0,0.003032714024114868,0.9814639434345247
0.007444068833177056,0.06276230570364731,0.28854844952169234,0.6876703032460248,0.0005826813760495588,1.0
0.06598085345962401,0.4894306028526231,1.0,0.4491838147534387,0.000324722607620207,0.8175510690230542
0.023805427867495028,0.1614369372625247,0.30096082295198057,1.0,0.0033657070101659817,1.0
0.028981739924851684,0.20637197695007253,1.0,1.0,0.0016360307110158928,0.8658404383110158
0.036860045885214104,0.22933627220074537,1.0,1.0,0.0033296008334292907,0.9121901511829403
0.04294421590996888,0.33282144710195205,1.0,0.885623735527306,0.0009572051541299088,1.0
0.02707256836496915,0.1806485422533298,0.8485350291539425,1.0,0.0063850334706413645,0.9390177437926555
0.07619133863766862,0.6801445778176766,1.0,0.8690163972259372,0.0006713294520598755,0.9612682243063991
0.031150443453697968,0.15806070560580535,0.9090206350280414,0.07108226194910079,0.00012294908041968796,1.0
0.09150975057243045,0.8183132469648938,1.0,0.698278601117332,0.001168911534327346,0.903292287472756
0.038082521419179186,0.24784706439353985,1.0,0.5373989052549218,0.00017346786379843654,0.7590829500609343
0.05505612763858766,0.30951759865175676,1.0,0.9963588244077531,0.001586042548311178,0.8178845427565288
0.07108120165831475,0.6286564631177802,1.0,0.6628870989435511,0.0010062913471414884,1.0
0.018732424647722807,0.14219399896345383,0.49994035631577305,0.3214497287957231,0.00039321451364046037,1.0
0.03667201870859667,0.3362481139154192,1.0,1.0,0.008043211002017938,0.6182058721801972
0.037416032960125384,0.22335483409393317,0.5111381922620334,1.0,0.002265097408989907,0.8393502850108358
0.02133066735250501,0.14476180431054175,0.740307976353327,1.0,0.0025088819039448553,1.0
0.006753160699592026,0.05731035984442597,0.2729932259901386,1.0,0.0037669413855947152,0.7874243312804555
0.009284341592801901,0.06821960884663945,0.2196077678855311,1.0,0.009190625694162232,1.0
0.05689724837916113,0.5536058779784073,1.0,1.0,0.0015062328500106779,1.0
0.04227716688004489,0.31910528227333407,1.0,1.0,0.0007773496325612101,1.0
0.05814264467464904,0.5242372257543394,1.0,1.0,0.002796807960961445,0.68107122963341
0.06753141865810533,0.48388970334334575,1.0,1.0,0.002693419826224434,1.0
0.01663870140841362,0.14287258099567512,0.795435237849073,0.35926232347361425,0.00040819459051840725,0.9041710888519421
0.04450875969636174,0.2909082929524576,0.6975777615320462,1.0,0.0008847815871975793,0.9944014707179412
0.02526199292250919,0.12894352747200757,0.419536585046161,1.0,0.004268918921995628,0.45455465119633615
0.041848390655092244,0.28906102978324616,1.0,0.24469665713141964,0.0006705676726060438,0.9256843497746661
0.036033144510814456,0.2848933420987348,1.0,1.0,0.005229374164645168,1.0
0.03230597822905685,0.18553178011385454,0.6463914685796694,0.4435378894739281,0.0004981503077337453,0.8823488061472612
0.021982749572838255,0.1412055916848734,0.5722032706763737,0.011694973126181379,1.621631523796083e-05,0.8036856482387181
0.03584919212332386,0.13598442640257327,0.7504484619496736,0.33822145066902415,0.00023564133526770444,0.6176904426806912
0.030146236856663552,0.20597397676071638,0.9317580306091007,1.0,0.005585455782334558,0.7457511134928252
0.046816660956030105,0.39900654417171694,1.0,1.0,0.005706832089620681,0.8108697883978578
0.014551825430671319,0.11001607991630688,0.47742802218839375,1.0,0.003211557661309391,0.7820826591459195
0.027563834928227518,0.260590600325494,0.8590486021694895,1.0,0.0043888750790874054,1.0
0.03707764780546543,0.25555357136528073,0.732935992460359,1.0,0.0034632636189921417,1.0
0.0383661621540646,0.2291136472412414,0.9562865994430265,1.0,0.0013649187194641316,0.7874460662206333
0.06608659203380954,0.46712541957393927,1.0,0.3160041723860368,0.00022082396412719977,0.9917255732441387
0.05307011056065564,0.37356912172326007,1.0,0.596567869494948,0.000847022062821363,1.0
0.03154078010769206,0.21972196402145075,0.9574679030032566,1.0,0.005216766095875195,0.9277757291349259
0.047675435683295554,0.4251143417771143,1.0,1.0,0.014322782800988573,1.0
0.08555244950152877,0.9139155466732243,1.0,1.0,0.004975405215188945,1.0
0.05304148151034227,0.40006375767196234,1.0,0.8148370374877045,0.001832398049522128,0.7373760529642558
0.02957450277059259,0.3043068787688775,1.0,0.43151698579578185,0.0006951623353361258,1.0
0.03403121851177135,0.1404688689723964,0.7018220651605296,1.0,0.0021413993565720293,0.5217670655241505
0.02152766612525923,0.13545519527223643,0.7119302352997356,1.0,0.0031813314115951546,0.6160248442054985
0.04335199934218981,0.3452623064440649,1.0,0.1702172291056547,0.00019948626121340986,0.8995907699056508
0.05316088555816968,0.39915580873205725,1.0,1.0,0.002921710294761918,1.0
0.055790027746366905,0.3789525497876743,1.0,1.0,0.006200313621823979,1.0
0.05537649080264791,0.5354656487827681,1.0,1.0,0.007621076110860419,1.0
0.07949052112633445,0.5812349109121164,1.0,0.3416164508392189,0.0009671782534674056,1.0
0.02081932332694773,0.17860474592426348,0.402387610335172,1.0,0.0020547638735609747,0.9832592744884123
0.030320673567403603,0.25814800531907867,0.7360941060351186,1.0,0.007803604471496786,1.0
0.03938778525824695,0.23832946586055723,1.0,0.1099208802714632,0.0002906969209251927,1.0
0.04309463048700956,0.2843689615172741,0.9517318006335285,0.16447080479288337,0.0002550024840226229,1.0
0.010210822761043493,0.0666883865710084,0.29697488529454275,1.0,0.0021315594209305377,0.9198511917806271
0.06135169088363318,0.4443447858284504,1.0,1.0,0.0009743083386727332,0.8417214212185623
0.021815690047495655,0.17260420212272237,0.46432857064232075,1.0,0.010269499531754546,1.0
0.0524246470251409,0.2852684322254544,0.9740618324274587,0.5231353698128954,0.0008265959605707243,0.8458558394196741
0.02431513965965015,0.12947629340481312,0.5516575295157389,1.0,0.009140349453373834,0.6836734542195593
0.038880935764560726,0.2464855785818201,1.0,1.0,0.003477885831528811,0.6356816256218224
0.03912810396883231,0.3142506734079493,1.0,0.027229585919354937,2.9353602334247036e-05,1.0
0.020692910713816914,0.14221349485571202,0.5917644880645498,1.0,0.0031080585441830024,0.9827641254552449
0.012628170053156609,0.059409801741608516,0.3409114425882344,0.8190937074189611,0.0010376425590404859,0.5437211344329341
0.04102877979977253,0.25410507004953287,1.0,0.08176072173129335,0.00012494589655612646,0.8467077476981146
0.041351970990119384,0.33922704991564373,1.0,1.0,0.005701983551145207,1.0
0.041823257840443655,0.2953374410266992,1.0,0.3899970001871174,0.0009857608017374835,0.9216898802477177
0.020688937641765322,0.12096649672482675,0.3418882908887268,1.0,0.0018790073184855281,0.9726186190171783
0.05976411011928945,0.5029094736392384,1.0,1.0,0.0013528081780587202,1.0
0.012173574914824433,0.07637193204561768,0.3661237820676602,0.10619518726327702,0.0002098744745198524,0.73509875487396
0.052932546732740726,0.39097638539926716,1.0,0.6353436882208909,0.0012261729747859956,0.9989363506056932
0.041674206773434065,0.3330031851493695,1.0,1.0,0.0013840335649385515,1.0
0.013473874593085444,0.08224204785172246,0.5315677898314909,1.0,0.0023872526607238743,0.7198456485193965
0.08385180689359599,0.5499418768409884,1.0,1.0,0.005916162976096842,1.0
0.05931511968066812,0.31622303294112114,1.0,0.017094055646750844,3.715088121156409e-05,0.930399994429565
0.022778611860789146,0.19082427569942711,0.6338484791952641,0.5401708009563205,0.00044483246157300604,1.0
0.018106142268661588,0.1647504430922819,0.7654673702532466,0.818305211407286,0.0008492923038118767,1.0
0.026421485586371776,0.20637244116200323,0.7984339263008794,0.7543291651290279,0.0007983102010191755,1.0
0.09395808553518155,0.9352443642727908,1.0,0.6518791492992896,0.00042911246551854856,0.8348973918100968
0.017390462175584223,0.1588393670419851,0.9342471810848278,1.0,0.005906140701829906,0.6697166896400686
0.021575703246488036,0.24882462218594217,0.7057519089528475,1.0,0.002922809224548131,1.0
0.04380758386353012,0.3230293930770209,1.0,0.4040404634238278,0.0007778619178544443,1.0
0.03221674892765651,0.21912661354875085,0.7721016167444942,1.0,0.0021184548139961865,0.43395363936205567
0.07063133064766575,0.5348414998636647,1.0,1.0,0.002311641668225045,1.0
0.035098024983299655,0.2300603623294387,1.0,0.2161974868711081,0.0006558020366094926,1.0
0.01872267179785983,0.10092057537353125,0.5663566972688072,0.9340908989725357,0.001616275000737884,1.0
0.03970001671712529,0.3158987819079854,1.0,1.0,0.0017277791131356868,0.9939547318102387
0.05126738627274871,0.29398726175211926,0.940440854736729,1.0,0.005084243093267784,0.737198365894553
0.044680872172524984,0.3100560025465138,1.0,1.0,0.003523482128125114,1.0
0.04971926972593341,0.3834133409323714,1.0,1.0,0.0022027868571541007,0.9415733666473449
0.027868438190286508,0.15153017209242345,0.40782616149118356,0.2814730507570647,0.0007414208180342336,0.8109603608229161
0.047656533532755084,0.3586258287277824,1.0,1.0,0.0025754298194143356,1.0
0.03443144678464457,0.28485911614016707,0.7162070155299763,1.0,0.0049191891528318895,1.0
0.031027550302049674,0.23780469136852375,1.0,0.1622256023709484,0.00024034511029576353,0.8358512651693859
0.06003842350059749,0.34862335197406646,1.0,0.05570977316938807,9.850949084408279e-05,0.5091719454642075
0.05155300519855997,0.3966637908093545,1.0,0.008220613059964825,1.3912537561934907e-05,1.0
0.03291976908466735,0.24146063182343747,0.8398306470851531,1.0,0.0032885980928117177,0.7708430885577167
0.017200819083145743,0.12859262370947425,0.537438382843186,0.5770622499599929,0.0010068861626868176,0.7300858931039729
0.016205200029618092,0.0905894431116925,0.5647425880935099,0.45190388975939916,0.00041056307395431047,1.0
0.06970914618267596,0.6981095629078846,1.0,1.0,0.010589491733467073,1.0
0.028451485948597522,0.22933436504995489,0.857316416596879,1.0,0.0021420621860791097,0.8053107390018935
0.044825391044403716,0.5071459500686061,1.0,1.0,0.007273174471368178,1.0
0.04271265957576023,0.30012777198168455,1.0,1.0,0.003056921302071337,1.0
0.032462524526993684,0.19976048930427398,1.0,0.07102925024575935,0.0001843752248685219,0.9024921337941414
0.07761936582303401,0.8562283557528406,1.0,1.0,0.0022862655572591854,0.9473784430791734
0.04748238759801248,0.2885870878304898,1.0,0.17964300288163534,0.00025511708842800175,0.7172931047978739
0.07710019979627507,0.6847959674711226,1.0,0.42896387425179455,0.0006870774310712067,0.9959607234206863
0.055189694084234554,0.40771508993345146,1.0,0.23312875400473004,0.00045243320595853833,0.5552098793145769
0.08176549018169668,0.493018004791122,1.0,0.20536082342443931,0.00018504126496647266,0.9349162334007329
0.0593003362396949,0.6036666789890238,1.0,0.6549188096738696,0.0006676497955643002,1.0
0.05320739191530541,0.36762025409626514,1.0,0.4603194146253191,0.00031121103557081017,1.0
0.023193523615319237,0.16891827883016994,0.803781121943349,1.0,0.00171188708070841,1.0
0.06860325303575034,0.5723570184647743,1.0,1.0,0.0005220850776292544,0.7802945336339288
0.03149828850740772,0.1805075205039173,0.6214446082958247,1.0,0.0007280207903972363,0.9295027257007603
0.046250198453810995,0.2564622112703588,0.9716270765647059,0.5494340107722584,0.0007241403114789686,0.5460134978443814
0.08769895502067218,0.5449555862139752,1.0,0.32749967566650895,0.0004724061000532948,1.0
0.04816223563027752,0.30784169322985927,1.0,0.2567359628400549,0.0009683619076253514,0.9387913633100515
0.013314788692315477,0.07694660607237398,0.35648425884669144,0.06691058334510605,9.458777363171012e-05,0.35872688175031237
0.036300542451040155,0.2964349486220896,0.9308544533338371,1.0,0.0013723374625229775,1.0
0.03810046574091281,0.3345771848281291,1.0,1.0,0.005547555859038917,0.9714328003946028
0.0914610014847893,0.8337192988140186,1.0,1.0,0.0014033850975268022,0.958027359711294
0.09486014289987385,0.5430862686062443,1.0,0.14207604942613064,0.0003679175008069167,1.0
0.04149540973576872,0.3028673403314966,1.0,1.0,0.0045552528225929,1.0
0.02681849843035941,0.11022335959015772,0.4906521465298821,0.21747547409047163,0.000277668361484578,0.5068606075252016
0.059326559488741944,0.358209897014528,1.0,0.02687612956824093,9.695100308690406e-05,0.7133761650326594
0.04467018438055701,0.35210894579201335,1.0,1.0,0.005039930565825337,1.0
0.06407628617689129,0.38746825676199287,1.0,0.5200889860505713,0.0007036401918569166,0.760414208624549
0.03090119429107661,0.21294101903183005,0.8741475148541726,0.01097794162185335,1.3183708256186644e-05,0.8906685913385133
0.019046605540466655,0.19946655241125663,0.6423418453740467,1.0,0.003008307370153591,1.0
0.0157142317333945,0.16297454932802766,0.5172378278097323,1.0,0.0026070392090342146,1.0
0.03580703667013278,0.2232570429549973,1.0,1.0,0.012524480310253841,0.8091458841720524
0.0957155965254081,0.5828460384401244,1.0,0.21228473636461773,0.0003136173785095723,0.8262520596273532
0.041010915552361665,0.2688339106534631,0.8308870141794482,0.4579687022568402,0.0004608937675427271,0.8199625597871655
0.029354181270996628,0.23979934677700715,1.0,1.0,0.0072555737709217505,1.0
0.03020952226949859,0.16956385400515903,0.5441261463157255,0.1372894445089127,0.00015947159951148744,0.8431983245570591
0.023585728139294212,0.26826243720372717,1.0,0.7412092784362053,0.0009661991546693856,1.0
0.03143010729364722,0.24904835451422735,1.0,1.0,0.0018879750514124482,1.0
0.011604264275215962,0.10394629758650009,0.4561696077826618,0.6497799369578923,0.0008146516495250227,1.0
0.021333082615155693,0.1579791967321608,0.516679369485688,1.0,0.0017818819828267576,1.0
0.02578594316993464,0.25331558420079037,0.8334784964524293,0.8700835933277935,0.0015631850532589423,1.0
0.03742913902017852,0.20905871642023832,0.8996509275261025,0.6578172778665,0.001698200166724782,0.9210931647049934
0.02224918488679688,0.17567003048694377,0.7114651419937459,0.04080032701056208,9.004863338799762e-05,0.7958687472704351
0.0494861563631377,0.31125026745033557,1.0,1.0,0.0015471102371566068,1.0
0.056434920412067074,0.3484306638729179,1.0,1.0,0.0016884501989450386,0.6915485073451819
0.06380892922973837,0.7157740020541138,1.0,1.0,0.0031044281121692034,1.0
0.053213092964625196,0.33804888081752343,1.0,1.0,0.002406637875939197,0.5332694829551632
0.07624816736885397,0.7838038782258664,1.0,1.0,0.0013938272169387884,1.0
0.051169911094706144,0.271573233090508,0.8426543618418195,1.0,0.002098202374270844,0.9641401290811652
0.046623722383307566,0.31836275237054756,1.0,0.9409063046706414,0.001854170524241129,1.0
0.017197226582038698,0.11587662466338629,0.44697634966681005,0.24454800347351938,0.00045621258892408886,0.9871583637844289
0.03824221951386282,0.23138622443554263,0.9898833027714853,0.5414132090228498,0.0009371413930440355,0.8012849326381499
0.05084806534775302,0.24953467190393055,1.0,1.0,0.0023331094107464094,0.4919610197857644
0.039133764575004205,0.3109395059569777,1.0,1.0,0.003513510086054881,0.9472309900957542
0.035835962849958644,0.2602410348259834,0.7410557584147205,0.08031143030511424,0.00023036559880004046,0.7484572032461227
0.050633225526233644,0.3691559898502128,1.0,1.0,0.0025090982345471187,1.0
0.018449190373413558,0.10985868931030456,0.3536010294360068,0.2577464468082522,0.0003375674770342519,0.46238521521353204
0.047980681540325816,0.3023069280982757,0.741398241746466,1.0,0.006262486925594547,0.4525529317370634
0.03626027008828527,0.21749706335199892,0.6384372066321656,0.5956478616794841,0.000639619193996694,0.9790941253564731
0.04114557561067906,0.27632297435870434,1.0,1.0,0.004376425648498004,0.9464810027279305
0.0527406376572333,0.5725447662040319,1.0,1.0,0.0045559041999784595,1.0
0.035660551041296895,0.23849258406126103,0.8159574613962832,1.0,0.00280836133688298,1.0
0.026260619632520212,0.16765784780366516,0.6175826034341249,1.0,0.004894184876199273,0.6996812844341588
0.02169138255969006,0.14503555025586187,0.5906762230985596,1.0,0.004918771140454657,1.0
0.05659159487189039,0.3926917607609255,1.0,1.0,0.0011419299319939398,0.9669265280058481
0.04295558217811722,0.3246533837927954,1.0,1.0,0.00133750877711535,1.0
0.07659062592051848,0.38435263231452804,1.0,1.0,0.0022895098353447785,0.8908070981907886
0.03633531924702748,0.26160177183071004,1.0,1.0,0.0012498638161610454,0.8319677326971548
0.024801355802285003,0.17618951083697731,1.0,1.0,0.00671029587676079,0.9038623171207412
0.013929335770858003,0.07440723753970746,0.2538525934712546,1.0,0.0008174491772516598,0.6344640458749307
0.03443734599714106,0.22687436390969523,1.0,1.0,0.0007806462532154673,0.698554272466192
0.033978436841301196,0.2829406044962741,0.979701156911169,1.0,0.003515265506919326,1.0
0.03397001434619667,0.32079212605623636,0.7909520432310196,1.0,0.00397932757452242,1.0
0.018603788293523073,0.10086042343019577,0.4487787029512231,1.0,0.001948133421972647,0.642926831675313
0.04873113539557792,0.34080746407417134,0.7781128676573162,0.6789290440282206,0.000786267412679881,0.8054384560747265
0.029673773780089015,0.1821659112817392,1.0,1.0,0.0016749693061231807,0.7055949007874192
0.03878631142974198,0.28978488920410594,0.9319923776228604,0.732833570288291,0.0012255722740402795,0.7856191824570031
0.006463539945835375,0.03465069373359573,0.12910661735830717,0.6299590410008991,0.0005661396825349882,0.7913699624127681
0.04295281458811624,0.3235883563630412,1.0,1.0,0.0026668588383913037,0.5056243777094607
0.04711660139512601,0.30037062638086787,1.0,0.3214998622886695,0.0014212859378199222,1.0
0.040462216871646015,0.2821395119872624,1.0,1.0,0.0018699411781269212,1.0
0.016884575818053835,0.12519826887178914,0.7799596952439839,1.0,0.004568343100870469,1.0
0.03475849389340429,0.23865939923309745,0.6910529890991804,0.8036801012747603,0.0005726646294112843,0.9851007679469845
0.05655738985047773,0.4206102108858068,1.0,1.0,0.0036755955267795586,1.0
0.02274689232572231,0.16159257387469775,1.0,0.09624812206967064,0.0001769769977955487,0.9646999696941785
0.027257454701081946,0.20792810786821697,0.6253440425578947,0.611693889605155,0.0011157446368552336,1.0
0.05186095654918232,0.4952015592370037,1.0,1.0,0.00344205539976864,1.0
0.019521591609582802,0.1126723305849749,0.5253523451979784,1.0,0.0017812120758379445,0.6516832576433114
0.03624384018970496,0.19841325775810584,0.9186719160720296,1.0,0.0021767199152133462,0.7311452455195219
0.04876272268972147,0.31066809299456033,1.0,0.6270297658485053,0.0008452592394871051,0.9849356586594114
0.03466982867449026,0.3047622840779089,1.0,1.0,0.0036585221322052146,1.0
0.02296985810387031,0.12476473680999839,0.4217711061553089,1.0,0.003041378034468581,0.9096749400101319
0.06165454239315096,0.35614607853329194,1.0,1.0,0.0016633764968909935,0.8116735285326198
0.04242959521292494,0.2766721445332683,1.0,0.5452634336609485,0.0013518881779197422,0.39637163238094575
0.028224189430479607,0.23379910407426988,0.8216547564558015,0.11851115522342194,0.0002733668362098599,1.0
0.05550387879989776,0.3662310942544373,1.0,0.7534856511705271,0.0008106776145411672,0.8773271436001355
0.040614977715898844,0.3523921048920372,1.0,1.0,0.0014760755558049351,1.0
0.0423044989362513,0.26399822547077767,1.0,1.0,0.004882837802749748,1.0
0.0782291182632888,0.5746917026429335,1.0,1.0,0.00536441110772766,0.9720104858826134
0.030021567410886584,0.23600672255448332,1.0,1.0,0.0013048436573902804,1.0
0.03501528206392972,0.2652152065126632,1.0,0.5580881317987889,0.0005103535057987772,0.9630785139054205
0.0540542968486418,0.43169546339348147,1.0,0.15065623811157255,0.00016683468959784729,1.0
0.021613266022575777,0.13133429640562083,1.0,0.3750820694075686,0.0003235241657425832,0.7666078581344066
0.05293880266709584,0.3046158550572854,1.0,0.5263679147837224,0.0010353542008768035,0.6814912694153934
0.00941108004456717,0.06525000329965915,0.1798291794845597,1.0,0.00889405334867522,1.0
0.037222068889477135,0.263550371474164,1.0,1.0,0.0041258363356097075,1.0
0.0719148020784815,0.5483189089969026,1.0,1.0,0.0008027567075246399,1.0
0.017713670040963497,0.12318299285599263,0.44285196196277415,0.14585674927497802,0.00018899395889426755,1.0
0.024464970632412486,0.1758130865834487,0.8208775260642769,1.0,0.002421970061713112,1.0
0.07068903506455426,0.3993025396053013,1.0,0.49530602322118683,0.001182116235201484,0.7070797315759348
0.009931592308038485,0.06780184157813511,0.2912234387364068,1.0,0.004464310354064913,1.0
0.05057813516780423,0.36215636060534384,1.0,1.0,0.004755980791032139,1.0
0.021830786304168556,0.16821837695516462,0.752849299285644,1.0,0.002695765991604992,0.8536473749693531
0.038163515893200536,0.2059728885917442,0.29677882157117974,1.0,0.004041833747712604,0.8141612444886517
0.04839600883856778,0.34275418013204983,1.0,1.0,0.0012326599195233575,0.8284596277525452
0.015527241436373575,0.07148962487351479,0.5714904266936125,0.30861718948955796,0.0006128402307931012,0.667804946975363
0.0316400578249519,0.2909977896756586,1.0,1.0,0.0017825424894607764,1.0
0.02516937677901224,0.18146041972897223,0.6273204882888667,0.3749934944019158,0.0016914998511717465,1.0
0.01915644447357018,0.12384669630708844,0.41009440625213095,1.0,0.002832283103785815,0.8324893773201563
0.04616675611648308,0.47790773395576147,1.0,1.0,0.0023892591949397106,1.0
0.08143800978405746,0.6136053193570086,1.0,0.7256442031693369,0.0015990950390643724,0.8327877516891568
0.017691435441470102,0.13970826241543804,0.6882455021430738,1.0,0.0026880568441586873,1.0
0.0816061787566372,0.6323454341412191,1.0,0.3728045829154219,0.001398349373023452,1.0
0.043768482475038575,0.3421834350720618,1.0,1.0,0.0024336457969285877,0.5767372282181484
0.031748899895673505,0.25225490189449806,1.0,0.46877390641799677,0.001029253687240857,1.0
0.034687818688617186,0.26847047368085525,0.9198641351887291,1.0,0.011539743660074679,0.7510339414512774
0.04178377211872195,0.32685872537503613,0.990527173814067,0.8749881898318361,0.0011802681442037873,0.991505673193234
0.028173647632855788,0.20528628507676958,0.6394959446298129,1.0,0.0038464987128995413,1.0
0.07937511484786419,0.5411839011352949,1.0,1.0,0.0022682630753933135,1.0
0.09605213230627167,1.0,1.0,0.2515803516610285,0.0009971059297357136,1.0
0.02837271223571964,0.20586377901943737,0.739503457446168,0.3901505099932218,0.0006999275114061997,1.0
0.04165650066254355,0.3131728576505289,0.8458297031477782,1.0,0.002364206650574025,0.75360343695141
0.02892064478748285,0.2766729069659658,0.9461296072676805,0.6632930974028248,0.001508846812705169,1.0
0.029855044388511096,0.19821094346931964,0.6954571164301682,1.0,0.0033045924696575853,1.0
0.032414621607905925,0.19457782038681384,1.0,0.2281994236835668,0.0005164362603463138,0.9620029819211625
0.03491626094868553,0.1900143733706968,1.0,1.0,0.002456743294145131,0.7356160669585462
0.03404006926423655,0.2368240004960613,1.0,0.19123736266788396,0.00019327310033970857,0.6931551162801551
0.06162994576210767,0.4066428395213272,1.0,0.4548330952647436,0.0005068091350408148,0.9493143013782724
0.037736656388255206,0.1825605212522186,0.9959766443626018,1.0,0.0030012707904906047,0.7026958125483741
0.07046566128989601,0.3272307973731218,0.9858627501295241,0.10518716206978544,0.00020010449098879784,0.6888883238339946
0.05778846494808013,0.5353264047907735,1.0,1.0,0.002503381945714288,1.0
0.01613935203683956,0.14976836173842398,0.5896534322794251,1.0,0.002348818682401776,1.0
0.0463144429627588,0.38813002357273485,1.0,1.0,0.002268697526411762,0.8969046931951203
0.02718864218379681,0.16116465006663397,0.7168043709843842,0.38522346599696716,0.0003324359829554522,1.0
0.031080054352200175,0.2411798818838951,1.0,1.0,0.0030192120636096816,0.9055845264060634
0.007127134712366658,0.04998739828412345,0.20826160311354772,1.0,0.001996071894852792,0.6066888350034906
0.02542690520024371,0.16912432679241296,0.7238386327403423,0.6298159426143548,0.0011629423971420592,0.8443645762419608
0.03814714226686848,0.2862070014647049,0.7738375404978574,0.7875098922864656,0.0015120181582391303,1.0
0.021176685639560065,0.1489723322498034,0.8672327930278692,1.0,0.0013481426400262218,0.6446526773048464
0.012331164198814897,0.11576826673767651,0.8620265223196426,0.012359862045404107,2.2213724621242227e-05,1.0
0.017536401053781906,0.13137002146654417,0.3735675123125775,1.0,0.0014601345251558386,1.0
0.05868718081057443,0.418948643237328,0.9941754271495976,1.0,0.013195617398755915,1.0
0.014486020588761974,0.11149858706069161,0.48132772657602474,1.0,0.0017877630865503597,0.3918786350605853
0.03954733795435809,0.23994533505788504,1.0,0.12289958445231343,0.00016371137083229058,0.9937087234667138
0.04423588130470631,0.23719392150872096,0.4817928225102141,0.3362619710054529,0.00047321578109629645,0.5091646259103925
0.015403390022483553,0.1371727705403967,0.5760597098076218,0.14181654494115142,0.0002314511347880084,1.0
0.06058048036678606,0.34009883650131795,1.0,1.0,0.005428527743702153,0.5848568210145356
0.02548080968478706,0.1366630046190184,0.6213195917854932,1.0,0.0012552094321221972,0.8692240549447573
0.04937425107814252,0.27757823583477487,0.8045092403558866,1.0,0.0032768805020449068,1.0
0.057486555716458713,0.43623899886408796,1.0,1.0,0.008068371678569762,1.0
0.0177285944420842,0.09667023749167454,0.39259662270249607,0.2170824262035068,0.00045525030425839927,1.0
0.045386293080144156,0.3074697768778889,1.0,0.5886875503029282,0.0005534720417457909,1.0
0.02536414602543248,0.17826400310204354,0.43803686985576457,1.0,0.002240896375740874,1.0
0.05851776197563201,0.4023854056667384,1.0,0.9543139464241223,0.0015466579098936714,0.8430294739601614
0.03487240830729256,0.2888411212095318,1.0,0.9787726074379237,0.002438003320663895,1.0
0.04673509327462072,0.40585372119349533,1.0,1.0,0.004511454610079733,0.7976816219771847
0.05967745420885196,0.4993930339457345,1.0,0.3293708327044726,0.0008964074383607282,1.0
0.01836847635595263,0.12019227495528587,0.8344111294636293,0.6969842997641313,0.0017651982999795357,1.0
0.016983086183600924,0.12829247569524685,0.7356705761591996,0.39309125872979866,0.0010102423797148118,0.8381051386266829
0.0466169581048269,0.3697642984948632,1.0,1.0,0.0026000466659787795,1.0
0.04221149841678827,0.33755683037981515,1.0,0.39455877944937406,0.0005447564292066372,1.0
0.1050272420737138,0.8180552902568915,1.0,0.7784817880128302,0.0034276646169138277,0.7255330335772208
0.02949582089267407,0.18003109064517023,0.8699930523606085,1.0,0.002517536876109518,0.669404005144684
0.026352494386310554,0.20598835752243772,1.0,1.0,0.0019225629665028986,1.0
0.03353543080617591,0.234214552584028,0.8709366741821597,1.0,0.002582352353994839,1.0
0.059295588185859595,0.5155369329144138,1.0,0.38307427048463855,0.0006518932910208077,1.0
0.01509193369622366,0.09493120507155747,0.2927824433533128,1.0,0.0026221069765286287,1.0
0.03007746988743077,0.217634995317221,0.9629257735166432,0.728967124095345,0.000664099788178215,1.0
0.0532756597485868,0.44037405679517744,0.8670908563498091,1.0,0.0017136637076532414,1.0
0.055601953265795735,0.3313333274901523,1.0,1.0,0.003800285322595362,0.8605651239066574
0.027709616926390988,0.22973365216863245,0.6847373406252278,0.28070925318401024,0.0008059763238749223,1.0
0.02840743200614637,0.16533789134505397,0.7759523465477604,1.0,0.0029745214673948315,0.8463633268686247
0.05269431230235327,0.3602739707121117,1.0,0.011845976440696598,1.823215961115402e-05,1.0
0.02784338095504711,0.1348780040380007,0.35000844853975693,0.5153910904074446,0.0009224425269964803,0.6915834759628698
0.023609022393606145,0.1623973934094407,0.7677419988203598,1.0,0.0034822429955232983,0.6619477388411842
0.007144560788795083,0.057474133852790876,0.3416208735266298,0.8029973703935046,0.0014440739898188475,1.0
0.025417190192180552,0.1600400003479895,0.6807503853626534,1.0,0.0037590050740527966,1.0
0.09724910118938479,0.5524414754427154,1.0,1.0,0.003889416262894101,0.8870958433926142
0.015000128528641169,0.09645182980154238,0.3573523883969152,1.0,0.006108932719500156,1.0
0.014936657644919964,0.08965949339226699,0.6412947414210067,1.0,0.003092232378582974,0.7677319607518
0.04133156011710559,0.3630499476787921,1.0,0.911476017897771,0.0007980312240896922,0.8310125567908668
0.037077128065558886,0.20407881645562587,0.7186722014173801,0.6756000853000602,0.0007385798782963651,1.0
0.03258561875282286,0.2587334055157097,0.6481631887305733,1.0,0.0014505507230949107,1.0
0.029216046522685595,0.2360898088778446,0.7347044723472973,0.005805826305242114,2.367018896051009e-05,0.6528113111387049
0.06272903611058066,0.3851559841755592,1.0,0.5321182585598564,0.0008714674446328495,1.0
0.030148949228693066,0.20342962006547474,0.7988834252059582,1.0,0.0010388554129023915,1.0
0.03036560354848221,0.20130450931216412,0.8580040766453911,0.03137995439668068,5.32940710429514e-05,0.8511748737480583
0.024326011945586593,0.1946326229892815,1.0,1.0,0.0038666926549291315,1.0
0.04124532298356399,0.2500641422678332,1.0,0.42912785757419164,0.0006203385068653088,0.9918478070135154
0.06451538431339497,0.5757859038746225,1.0,1.0,0.005530196060632951,1.0
0.045743929676058254,0.3233914526547963,1.0,0.01033788979533579,1.3913558314191615e-05,1.0
0.025342752416643233,0.17977628494482514,0.8120716463119005,1.0,0.009687228851288176,1.0
0.06865531022591849,0.6020615081726695,1.0,1.0,0.0033863923652901057,1.0
0.0577372641412793,0.4658654095847126,1.0,0.6127524177404234,0.0004495923574387509,1.0
0.03657786479601242,0.18800741275718064,0.6106266432284316,0.38398445353185745,0.0005009379691795999,0.6245430473181234
0.023095134540731328,0.19805198752680803,0.7569828194037926,1.0,0.004949799122081606,1.0
0.03408012664051424,0.23593081312611144,0.7904967024919922,0.05036003255272768,9.791499587594171e-05,0.8419878440219586
0.03196922265438811,0.23060137491926053,1.0,1.0,0.004167432764570421,1.0
0.05059764795331615,0.2968161647311542,1.0,1.0,0.005373941290478013,0.5825836254318154
0.0556041256915609,0.3878405219600173,1.0,0.5466368847263046,0.0016253314134706673,0.6236708765047932
0.07211397910847986,0.38496101652772713,1.0,0.6712647186705293,0.0008240078245970501,0.7905473336102379
0.01334091148068609,0.10118453546987012,0.6595352897670339,0.8568551298067867,0.0008269316866701511,1.0
0.04709807928761548,0.36274149590075316,1.0,1.0,0.0085071714035484,0.48827147576740454
0.05000448992764646,0.29112603467022113,1.0,0.7101216867865052,0.00027835533731933543,0.7868134575717602
0.03664517037372015,0.24981293199077503,0.9033829750316678,0.9315974107978707,0.001142099796686194,0.8807277718246542
0.07150653764347892,0.5239497412217115,1.0,0.30782898062069214,0.0003887737693044784,1.0
0.017991480034568668,0.1044195840019452,0.37566206675820163,1.0,0.002612104383842611,0.987006901368294
0.026186515837751122,0.1398718352708564,0.43729816692881157,0.49293187135122224,0.0012118973571878904,0.9636273352025863
0.013087270584648961,0.08957150569316531,0.4181149003927804,0.9535338049138796,0.0012094628965987927,1.0
0.05235274366610535,0.4398239943476278,1.0,1.0,0.002608684339897128,1.0
0.04008415979337314,0.26581225310809375,1.0,0.07479123594673771,0.00011248904822010978,1.0
0.016690197808627752,0.10963511965671069,0.5536580476180235,1.0,0.0018107264249707109,1.0
0.022670186601612834,0.14527348129036774,0.2900969494914791,0.056877449717754776,7.944862895853887e-05,0.7982263566666289
0.06490782672509036,0.5272020631112776,1.0,1.0,0.005167037823307295,1.0
0.05800556060089723,0.47004086806307227,1.0,0.9888760974768271,0.0024997063898944973,1.0
0.06503278100721516,0.33805192233096965,1.0,0.4127744401362259,0.0004957505108091703,1.0
0.03732083145599651,0.2947160686615428,0.8246181603792905,0.03736645714853925,5.307508738811107e-05,1.0
0.02073049518495199,0.10258062774286923,0.5828215236196524,0.3136173289563228,0.0004468884883877059,0.6594291152132591
0.027138060650343788,0.1639105880245068,0.6519185189831666,1.0,0.007506986242391599,0.5996103643985977
0.06650427003710872,0.38910991427384106,1.0,0.46736873102655774,0.0004281954018350279,0.4188958902655041
0.03439519703506585,0.28140520119366647,1.0,1.0,0.0018879868319357865,1.0
0.0857026174471359,0.6103849510808486,1.0,1.0,0.0017513461607291665,0.891015922640607
0.01782749758600534,0.20477957862420287,0.9001784099928809,1.0,0.006504291673646438,1.0
0.04053681091867408,0.36253696677075165,1.0,1.0,0.002943521492713035,1.0
0.028015957541329798,0.2720411403698982,0.9276907828392306,1.0,0.002760807693170664,1.0
0.048599813829283495,0.3074716732492565,0.9786213391183386,0.712827564038435,0.0005174421759483865,0.9290052749065335
0.04346843235311263,0.25700444231245523,1.0,0.23285556911092498,0.0010975449209726484,0.5045738172402905
0.06264288951864051,0.4401627113537836,1.0,1.0,0.004224333915177835,0.7926742428996593
0.017026794159068746,0.17652247005927407,0.6960037912814332,1.0,0.00763076644201646,1.0
0.037151316361174525,0.2924042626280341,1.0,1.0,0.002167219237616268,1.0
0.090088058317377,1.0,1.0,0.1313223579361574,0.0001936902293791609,1.0
0.044227164138475855,0.5135840731244197,1.0,1.0,0.0019122552273619742,1.0
0.03399266584152385,0.17889827146130122,0.7644869470380699,1.0,0.0011135145553752208,0.7217483612327262
0.028629888913118632,0.26936419808328144,1.0,1.0,0.003183183836379346,1.0
0.05759766277493619,0.4310280241783274,1.0,1.0,0.0044155425962667605,1.0
0.027135138775881206,0.1580110121411743,0.9614405377977477,1.0,0.001666802047868091,0.7797439991235551
0.052663304447830336,0.4690309624223497,1.0,1.0,0.008406397909000975,1.0
0.024600957281328453,0.2714517328692942,1.0,0.28487829227399136,0.00048445151483429146,1.0
0.043658058510940054,0.3843749734530819,1.0,1.0,0.0027745332493527143,1.0
0.040256238631245986,0.23570246301500453,0.897506820460946,0.8092781943948486,0.000607280124588536,0.5341492300359711
0.03412255940083284,0.32842565488461284,1.0,0.5691868899130742,0.0017377238173106517,1.0
0.04256828194730123,0.27819413715872304,1.0,1.0,0.002784703705390887,0.7749477798309391
0.07547600139801228,0.4777217117667177,1.0,0.11325594518876386,0.00012016888828447636,0.9471485407355021
0.054056836104488734,0.3209500206845403,0.9752105227118333,1.0,0.0041492792638063505,0.790113670705584
0.05014247848057209,0.3144668085070439,1.0,0.027567387289277583,7.039173806215047e-05,0.47918354791481843
0.030606525585313123,0.14992064384862153,0.6145152421677248,1.0,0.0014990903609609022,0.6135630485108282
0.016762215091901733,0.09801089199644493,0.7479452603004119,1.0,0.0019516855064296193,1.0
0.01989552968722625,0.13641510380761632,0.8312986056768009,0.19346375801895427,0.00028921715350620133,1.0
0.04334607759407391,0.24945241318546038,1.0,0.21833827162552163,0.00022412646471503696,0.8151721203430249
0.08016519331084829,0.5213895653326452,1.0,1.0,0.003358218314005787,0.7564065394740499
0.03488829116933578,0.25834832321825507,1.0,0.3788316773779106,0.00022926272246847663,1.0
0.047846299825883655,0.29393954643817466,1.0,1.0,0.0016359334429169176,0.4574409102640651
0.04296627382510288,0.3230742074624962,1.0,0.3420328913063554,0.00024637676005710864,0.7854885099935451
0.03999558543641319,0.3290592251825722,1.0,0.9331849801839345,0.0030474117433164525,1.0
0.04944545628590633,0.30411003157562294,1.0,1.0,0.0012009218001255927,0.8287932811675811
0.07525401523716746,0.6373192900969166,1.0,0.4674379332937688,0.0029917946721418603,1.0
0.039578415785432405,0.32959214284439614,1.0,1.0,0.004184447208108431,0.791098839502936
0.01581716100832236,0.17236496804363358,0.5445184629114497,0.01374750955714541,1.3959348362268385e-05,1.0
0.02591472334489694,0.12753437618631472,0.36323109530399667,0.07439804255415933,0.000162298081309293,0.703089321296123
0.07137150846677695,0.4823236349015205,1.0,0.12312079534461055,0.0001628469920423209,0.7533291668296712
0.04408172071700634,0.36748586236290876,1.0,1.0,0.004268599693928523,1.0
0.028456328693762238,0.1509041704673431,1.0,0.12352433692659237,0.0004355673097574013,0.7966594412006928
0.05014008601986859,0.3547367510220295,0.923914548010497,0.9017627314814175,0.0009912548148147125,0.5434850854528472
0.006691564087372818,0.05547872427633724,0.14049711476772556,1.0,0.001145082030011325,0.8854504750385148
0.02503161262705628,0.11476794150466219,0.4875320261816994,1.0,0.0012598764868130522,0.5732593919942539
0.039173414437598364,0.27876652616900627,1.0,1.0,0.0019684407896327816,0.7332944768117279
0.059035388107754216,0.3657351086904474,1.0,1.0,0.0016001779392394169,0.9096427556467657
0.033869670507696466,0.24201175355261492,1.0,0.5602903878972875,0.0010232483277194087,1.0
0.027748254501968668,0.23249224867354024,0.4988050987952894,1.0,0.002649996778923015,0.9147449158028547
0.07095357251721403,0.4103049857058653,1.0,1.0,0.0031991962870309767,0.6296563853880845
0.016747883548705246,0.13697775235310378,0.7094860313557225,0.9149637073782755,0.0016591601062702454,1.0
0.023206336281464807,0.09959214188233144,0.31567784715410235,0.07021635440809794,3.4434253665968895e-05,0.6553162174732282
0.035379523932298255,0.1760286353710314,0.6742705061332587,0.1536815997623547,0.0002439559391484975,0.6941933379601948
0.026398899923813966,0.1438121956182322,1.0,0.41051718482954036,0.0007586423844630037,0.9661662584571672
0.03906648313169958,0.2897139982228682,0.8771424849001603,0.06011969839399287,4.5576127766968316e-05,0.8743208634250941
